{"type": "FeatureCollection", "name": "departamentos", "crs": {"type": "name", "properties": {"name": "urn:ogc:def:crs:OGC:1.3:CRS84"}}, "features": [{"type": "Feature", "properties": {"cod_dep": "05", "nombre": "Antioquia"}, "geometry": {"type": "Polygon", "coordinates": [[[-76.41908741686784, 8.75793572376654], [-76.36788788370306, 8.720674675123947], [-76.34562620609769, 8.639821541168773], [-76.31400316981227, 8.656489663911225], [-76.26605742699725, 8.638807095973831], [-76.25071510627535, 8.610307218729764], [-76.26544227251205, 8.58419024979536], [-76.22281107105047, 8.573270137997342], [-76.23680259224504, 8.554440042947396], [-76.20999637012869, 8.522922530662475], [-76.21866846293251, 8.443560472370704], [-76.18044527407932, 8.397311059596714], [-76.24287729326971, 8.369986244744704], [-76.30343039782707, 8.31117906156742], [-76.30327582330831, 8.2845222069107], [-76.35335616135828, 8.194239020650576], [-76.33114775853173, 8.15145939067349], [-76.36815124278195, 8.152946083932905], [-76.37485222608683, 8.11154444608451], [-76.40852664257679, 8.099717149557101], [-76.40872379760833, 8.073925120829353], [-76.42497153839021, 8.074293808756615], [-76.42764859612528, 8.019794602401456], [-76.41157371106789, 8.006952016609322], [-76.42111738510508, 7.911825226658394], [-76.4635398565593, 7.873088240650837], [-76.48349734226213, 7.758035069780696], [-76.49663120471256, 7.749715600425342], [-76.48556311671483, 7.689319447035193], [-76.51453012825662, 7.586664649121394], [-76.45254228176285, 7.501125871403297], [-76.41628621024203, 7.418504611441724], [-76.38393382513847, 7.392293843763723], [-75.84549601454295, 7.347087268220046], [-75.81765888156278, 7.415823578801451], [-75.82508112468834, 7.442187750747743], [-75.787779238301, 7.459836914307158], [-75.76525372292332, 7.601943785264613], [-75.7486295988086, 7.613541763826478], [-75.71186875781854, 7.581286821678596], [-75.67129619015014, 7.597969970024747], [-75.61938526683849, 7.582678508609382], [-75.55522433140155, 7.624305805141233], [-75.53459315283574, 7.721743720094272], [-75.49570127920508, 7.721711545153723], [-75.45616179506523, 7.792756246639996], [-75.46556988800465, 7.827691737332078], [-75.42243627067108, 7.819389262791051], [-75.40434810295665, 7.857527887650568], [-75.34675432491476, 7.87496756612419], [-75.32914599825318, 7.926935501320425], [-75.33734567735198, 7.938782705973219], [-75.33671572624715, 7.94810017239291], [-75.30928456983638, 7.947435993016645], [-75.2433386124413, 8.008969411764602], [-75.24705961432703, 8.042105460932405], [-75.2267615491854, 8.062976714404485], [-75.18765586925461, 8.044288644063089], [-75.133544067061, 8.053926693301534], [-75.12550815435208, 8.040137066238756], [-75.09299764817057, 8.070596874157001], [-75.04740590841888, 8.042404003317875], [-74.96835927821976, 8.090578644658716], [-74.92792783811285, 8.074597632229072], [-74.86711042640908, 8.159158406862879], [-74.86513896607734, 8.199782243960064], [-74.83385996537936, 8.201932673115273], [-74.77356100105466, 8.121778832591856], [-74.72858598864933, 8.118374936142207], [-74.66768108941079, 8.060034019103192], [-74.6025708888662, 8.037378417876528], [-74.52045062217043, 7.903287836181886], [-74.52529909407936, 7.782569428395717], [-74.51358117303342, 7.781025398573952], [-74.50703841007973, 7.722627095036827], [-74.47532153529087, 7.70555226388174], [-74.47646716362073, 7.682159135264838], [-74.53060667281721, 7.671204665958878], [-74.56412940161478, 7.640252021359726], [-74.5683835369594, 7.518105557696951], [-74.58976027696949, 7.511876211838247], [-74.59850962069162, 7.465657040303646], [-74.58870609740472, 7.44547809412577], [-74.49096935558146, 7.343460019859232], [-74.41940567065676, 7.388585669158015], [-74.41244871989211, 7.460350816615859], [-74.37009437054924, 7.47996093177147], [-74.31993094998137, 7.441663765209021], [-74.40291107166233, 7.330232803183684], [-74.38700357580082, 7.278867955835693], [-74.40909940533143, 7.19412439115], [-74.37001640311632, 7.125205811276444], [-74.37201027293169, 7.098079352965466], [-74.35144496834589, 7.081589763589873], [-74.35569575560935, 7.009898841819711], [-74.3221588831658, 7.018860237822723], [-74.30581463437281, 6.99915985627334], [-74.27720960093764, 7.012199927340153], [-74.24576898160204, 7.002673941637922], [-73.9158523355841, 7.295583790316077], [-73.93876801300266, 7.176769359859036], [-73.93110024014693, 7.119065792659646], [-73.88871728131792, 7.072485464693608], [-73.88570789962696, 7.00203247061317], [-74.01064647842786, 6.913279396634532], [-74.07723499915481, 6.841886664938512], [-74.11514600866946, 6.765573500890501], [-74.17731080360949, 6.724945430283188], [-74.22917779130621, 6.711423023389285], [-74.25901325810261, 6.673367707964658], [-74.31222182438586, 6.654311719592859], [-74.33022578935679, 6.629572730081397], [-74.35939388809005, 6.632838419174543], [-74.40680612737353, 6.591356234024099], [-74.39379523427651, 6.500460643335557], [-74.40468126808331, 6.470891262019375], [-74.3694979630532, 6.412217321710662], [-74.42353263779029, 6.389977703347724], [-74.45038759801658, 6.331878704683022], [-74.53591790230772, 6.267952348823425], [-74.57339498460954, 6.215720444778353], [-74.61171003703173, 6.126644558770573], [-74.56174784560503, 6.078295787369047], [-74.56331740884767, 5.997633861793815], [-74.61237676070321, 5.969879923356738], [-74.58538663722737, 5.903061804234474], [-74.63804159127703, 5.866365642711697], [-74.66496042787459, 5.768536584613641], [-74.71367492490829, 5.772378031577897], [-74.72944348627104, 5.70646776830976], [-74.77154407187658, 5.689813935671099], [-74.80570547081557, 5.698640870770743], [-74.86512118526333, 5.747207478026544], [-74.99330102819249, 5.715334121867667], [-75.00895971130755, 5.682035392175922], [-75.09365279180896, 5.655369818568099], [-75.09162334189907, 5.585212497414383], [-75.12984004420956, 5.553236626359957], [-75.13760889519271, 5.527219586614737], [-75.22072682010418, 5.502936207012889], [-75.2759295136404, 5.418558387831321], [-75.28258062422967, 5.47568882014747], [-75.31773335039422, 5.462543964662445], [-75.31082340986745, 5.508665876430535], [-75.32884782692541, 5.524572572920445], [-75.34020931657886, 5.603009422674044], [-75.36528883567944, 5.60156984836113], [-75.3831109993184, 5.621509730920016], [-75.36839403319651, 5.640842851369414], [-75.37689256273327, 5.674191472561574], [-75.42893172511319, 5.696602869200591], [-75.47816141082487, 5.664284378119144], [-75.51989426194187, 5.69512034662434], [-75.5354901535591, 5.690976255808423], [-75.54337074421069, 5.720071071114975], [-75.59844156100435, 5.737454048885699], [-75.59959904957863, 5.680911987062677], [-75.57235898006633, 5.664707856744147], [-75.58976235766852, 5.643035727334826], [-75.56912548601561, 5.539935356605196], [-75.57822692543172, 5.515694597730276], [-75.61662486921006, 5.532308176648111], [-75.68945065525239, 5.519412363822869], [-75.73026679907265, 5.564098976923717], [-75.78567968741342, 5.539968863716642], [-75.83249416678117, 5.488838933858026], [-75.86227499634741, 5.506332880120994], [-75.86802412566519, 5.490242125951061], [-75.90502306624231, 5.479859219194014], [-75.93079979056778, 5.508874617373703], [-75.98285911994566, 5.518872461056963], [-76.00825426040305, 5.563683030356116], [-76.00515047338632, 5.621918150699083], [-76.08695399066349, 5.688642279340239], [-76.06118167631449, 5.757955675998067], [-76.08110587728346, 5.767021607938969], [-76.0709443818741, 5.780652077971183], [-76.0990244022599, 5.849198834308455], [-76.0815708899298, 5.882772820944822], [-76.0604902687679, 5.88634412574743], [-76.0511279915733, 5.951328246331078], [-76.10485258099372, 6.018401827153428], [-76.1438207263039, 5.997631204671943], [-76.1726515804071, 6.017391196072067], [-76.1969565236498, 6.080175258836353], [-76.20946804561235, 6.184548608083284], [-76.25888264489679, 6.209668888591019], [-76.28518559308144, 6.193406707326715], [-76.38981234714501, 6.191494803723797], [-76.41987194276076, 6.165732955575359], [-76.4686779423183, 6.176573804181711], [-76.47546449090729, 6.160058127665685], [-76.58351411302944, 6.193451432564435], [-76.64388869061749, 6.16832626564225], [-76.7169426897399, 6.171485179034501], [-76.72306865101625, 6.236981178389151], [-76.75647628415874, 6.252152619582951], [-76.74897622286983, 6.279602081573121], [-76.78190796319299, 6.288815354918093], [-76.79024540709159, 6.32023673342063], [-76.77765256650223, 6.327880290812867], [-76.7890007660867, 6.349873833021865], [-76.77138543301955, 6.363242742855606], [-76.78737541066648, 6.377900222132056], [-76.76507437003197, 6.389292349984373], [-76.7952631487096, 6.419970675437328], [-76.76177937430806, 6.432153514417843], [-76.79583421956188, 6.443651070342396], [-76.76798500829946, 6.477991454396184], [-76.80036517676741, 6.507960545090896], [-76.81998877953563, 6.487249712613487], [-76.81935671971065, 6.525476530382001], [-76.84110135597832, 6.521451173173237], [-76.86392214905104, 6.571496094594052], [-76.88298963375748, 6.559968933802102], [-76.89451679412684, 6.570152704173358], [-76.88970741602172, 6.605267222427649], [-76.85799396017822, 6.618439916903599], [-76.90902863850823, 6.629385438448031], [-76.89808311899395, 6.668218243566991], [-76.92484729581142, 6.646898271253193], [-76.93896789704195, 6.686344162605851], [-76.96412257926792, 6.680883390583874], [-76.93364812086907, 6.71091879442224], [-76.96716388664899, 6.743130709604374], [-76.95785013021208, 6.792514987309668], [-76.97030494661172, 6.812734932585585], [-76.93352719725438, 6.811847695282082], [-76.91657834118735, 6.845472007610927], [-76.8998876000638, 6.829041598123553], [-76.87770066759363, 6.852164428399615], [-76.83528532514732, 6.828684087959377], [-76.81793948742654, 6.837682636816162], [-76.83055740702498, 6.858589209092307], [-76.78553793828033, 6.877529086061163], [-76.80009403675423, 6.948564633235649], [-76.81338292708257, 6.963514637364565], [-76.8287667215854, 6.955970862906131], [-76.81873657190788, 6.974698041679368], [-76.84252066442596, 6.988321922597143], [-76.83463708124313, 6.999268601118771], [-76.67556801678884, 7.029853725301124], [-76.64548733417956, 7.00836091668636], [-76.6156077996937, 7.016789560036046], [-76.60318535827057, 7.000489474052373], [-76.59293738161291, 7.011625604649566], [-76.57130874437057, 6.979676932609826], [-76.54781057551503, 7.001996049750156], [-76.50807135910512, 7.13926817191529], [-76.48527022949439, 7.135414712399664], [-76.53026188691541, 7.25526383525136], [-76.56344519494849, 7.274355904137357], [-76.57870957128115, 7.304746573018204], [-76.61789459428677, 7.315214780132909], [-76.66069908354719, 7.448136989272903], [-76.8011607704579, 7.572092594294102], [-76.94295760280579, 7.588860167352191], [-76.96037383018913, 7.640718707355424], [-77.12272312051317, 7.789390372577202], [-77.1260195457142, 7.830236840710362], [-77.09520831608847, 7.825067171213744], [-77.03139415279239, 7.880097018989699], [-77.01231087449777, 7.933825247751872], [-77.02142421067585, 7.948792057157569], [-77.0000804461001, 7.958428873763507], [-76.99565464773599, 8.021151466249734], [-76.93907106555677, 8.062839622990783], [-76.95559982099755, 8.122733718963042], [-76.94933258616025, 8.17233684131333], [-76.96651136698581, 8.191789281858608], [-76.98018975190969, 8.255281793729965], [-76.96228386395082, 8.256126838411378], [-76.94841619994408, 8.252749445853746], [-76.94178951712267, 8.248512859659371], [-76.95584210022224, 8.235491205765742], [-76.96851931476958, 8.243317730145199], [-76.95735867097562, 8.184764905206562], [-76.93473341490333, 8.188838596307823], [-76.94369579280746, 8.2106251869368], [-76.92657255093403, 8.207783457618184], [-76.92620822730922, 8.192336108694246], [-76.91957752571277, 8.196197946176744], [-76.91258249964721, 8.193356216132717], [-76.91025082512277, 8.190805946679252], [-76.92693687562179, 8.189858705000837], [-76.9094493110281, 8.177617410016829], [-76.93168175777336, 8.1736359238694], [-76.93245042461942, 8.158471981054292], [-76.943239555109, 8.166651676586616], [-76.95033640284251, 8.14476471074852], [-76.93186905054, 8.091529186338137], [-76.88862995921632, 8.114379745711284], [-76.89356208448896, 8.132302874723111], [-76.82933623499727, 8.141120292315037], [-76.81270599608182, 8.131658561395506], [-76.85405158913206, 8.119979843919115], [-76.85466802098239, 8.091269093813754], [-76.82157241367945, 8.094375313594776], [-76.87315523382868, 8.068060688406124], [-76.82997045067573, 8.050386742314872], [-76.83745198376104, 8.042436705223759], [-76.85340559172745, 8.056847521677437], [-76.87163785579607, 8.05317289372078], [-76.83418913168613, 8.019827308319908], [-76.87451002358227, 8.021356313568045], [-76.89047920659183, 8.045473663133862], [-76.92482717900145, 8.024643583312194], [-76.92224800080345, 7.917593947173439], [-76.86248647116, 7.900559466437249], [-76.76818461207648, 7.910304692902192], [-76.74836664455488, 7.922084051592559], [-76.74552609179952, 7.961636767731286], [-76.72621804977052, 7.982979276157768], [-76.74452173995475, 8.018582416613466], [-76.71488648006088, 8.064189875994739], [-76.73473413005863, 8.09241521633661], [-76.74290928211275, 8.065877383332063], [-76.7390901637364, 8.11215092822801], [-76.74100340463814, 8.101228708248943], [-76.75586000445908, 8.121447187598934], [-76.73840058073792, 8.171563981657739], [-76.77432177610304, 8.266530889672548], [-76.75361698251653, 8.32492694603514], [-76.75910823219019, 8.396401717255028], [-76.78813068788394, 8.420997360703856], [-76.82507741056216, 8.49661726642888], [-76.93492288854075, 8.547700318854604], [-76.92263812520753, 8.52745692842369], [-76.91528137959466, 8.53459487332954], [-76.90727967596179, 8.532258974267421], [-76.9149943577019, 8.531365177927487], [-76.9215928140728, 8.52727708838411], [-76.9272887161803, 8.526346348329312], [-76.93826178873873, 8.553369862746273], [-76.89142601670808, 8.592095609966579], [-76.88524518485477, 8.623096325186525], [-76.64967430617318, 8.671171764082896], [-76.63091950376925, 8.730512244861972], [-76.52405472479276, 8.773565872403998], [-76.51030209468162, 8.80393763037924], [-76.41360458061591, 8.873973717755353], [-76.38116683476633, 8.794208980082376], [-76.41908741686784, 8.75793572376654]]]}}, {"type": "Feature", "properties": {"cod_dep": "08", "nombre": "Atlántico"}, "geometry": {"type": "Polygon", "coordinates": [[[-74.84946230668876, 11.097782466605269], [-74.83642371863318, 11.055243659185793], [-74.76292741221134, 10.993858789290677], [-74.75405320810168, 10.934278768677832], [-74.7183843481848, 10.909221301674176], [-74.73650232065334, 10.888761197994851], [-74.74164515261367, 10.840634979647186], [-74.72284167889659, 10.67257568664903], [-74.74705868544856, 10.649198855973173], [-74.72421057615712, 10.608704047146409], [-74.73891923973935, 10.542295217230038], [-74.786811112419, 10.510079673112282], [-74.81806412027998, 10.42483265420207], [-74.86190661631345, 10.386521717042088], [-74.86122790062066, 10.352653583428967], [-74.90812363058963, 10.253286071235433], [-74.98211761720304, 10.34231546655135], [-75.04403663259026, 10.374900475808786], [-75.07395474681489, 10.408986487940508], [-75.12654624354289, 10.398535413510372], [-75.16833995218092, 10.451734154039988], [-75.19524878014454, 10.448859118674562], [-75.20027020533944, 10.470435398510308], [-75.23374570301978, 10.47951375267869], [-75.22362019451715, 10.630857694007213], [-75.24185876639785, 10.654140570746506], [-75.24952005728724, 10.722966811763063], [-75.22725189279423, 10.77184402139366], [-75.27122768704925, 10.779314100535125], [-75.26100316108119, 10.801180119161176], [-75.22093858723152, 10.796970864966758], [-75.2090911380128, 10.817347493582398], [-75.15084467991018, 10.835589126166068], [-75.13080475781179, 10.86278394863594], [-75.0431065716622, 10.899193720650448], [-75.02597766309857, 10.946885593252347], [-75.04578217411523, 10.940237733909589], [-75.04367237763486, 10.952102356731624], [-74.95917354130084, 10.990681628414704], [-74.92104183978036, 11.045694583960387], [-74.84595169918629, 11.057357921437896], [-74.84946230668876, 11.097782466605269]]]}}, {"type": "Feature", "properties": {"cod_dep": "11", "nombre": "Bogotá, D.C."}, "geometry": {"type": "Polygon", "coordinates": [[[-74.00909252426322, 4.82051217581574], [-74.0003068819604, 4.805529783089548], [-74.01884357365469, 4.763665591917752], [-74.00200611412102, 4.674608249858309], [-74.03155756002378, 4.645786020003881], [-74.00739037776017, 4.625482863932356], [-73.98612579389112, 4.629074973011678], [-74.00534559460472, 4.560592182299546], [-74.02959781824843, 4.557873900448129], [-74.04227898160121, 4.512402259954671], [-74.07255042674609, 4.513124279810682], [-74.07590071896163, 4.463157374955535], [-74.10938862076652, 4.442425200063492], [-74.11689786670051, 4.404838777131997], [-74.11421422316691, 4.385237801590177], [-74.09619654363931, 4.379441171776817], [-74.0982252114079, 4.345619248044401], [-74.15271100962207, 4.254555421894791], [-74.1233207571671, 4.181093072790657], [-74.11004852362257, 4.181912748316257], [-74.10959005295365, 4.132493363190612], [-74.13059217109564, 4.115985793740769], [-74.126933932715, 4.048447560071359], [-74.15067459810228, 4.00484907343838], [-74.16025853600257, 4.017847855801993], [-74.21738298232657, 4.010896177037768], [-74.26014055932703, 3.948251979808581], [-74.25642580295136, 3.927865628852755], [-74.2735871658697, 3.92490456585309], [-74.29752175726043, 3.883284767970278], [-74.31675894713038, 3.881282312149427], [-74.29661663457992, 3.818903847307905], [-74.33562582988274, 3.821664899099398], [-74.39389302916037, 3.769914572929014], [-74.38715890732925, 3.75270231176908], [-74.40156384880731, 3.737422218400896], [-74.43958716012882, 3.730633098019785], [-74.45067485798708, 3.749864188331677], [-74.3952688176107, 3.823803951353022], [-74.35955724277115, 3.913744737150121], [-74.35689156155027, 3.9709803271774], [-74.37458192013766, 3.985874754055999], [-74.3298866091617, 4.130540257406704], [-74.2656527271371, 4.091665982175704], [-74.24564163506344, 4.103247641821596], [-74.23175961473112, 4.216688179900529], [-74.20426914142244, 4.239706635858211], [-74.20552942619946, 4.268892234870839], [-74.22188456005607, 4.282058169332569], [-74.2179578422271, 4.360812533081171], [-74.1780731123633, 4.48633213152098], [-74.18773380769792, 4.529172264593996], [-74.17363220458996, 4.540889953413195], [-74.18334076707411, 4.595468513615865], [-74.2216026398357, 4.618733593337762], [-74.22141325077163, 4.644353944113714], [-74.1583466972385, 4.662995168964917], [-74.17685420638887, 4.702778792040361], [-74.15551229973624, 4.708544624766742], [-74.15811679823432, 4.725294351263183], [-74.12637131080399, 4.729356417682209], [-74.1129480790409, 4.790133286559296], [-74.07964036474975, 4.808956867108343], [-74.08670057778252, 4.832435594865229], [-74.00909252426322, 4.82051217581574]]]}}, {"type": "Feature", "properties": {"cod_dep": "13", "nombre": "Bolívar"}, "geometry": {"type": "Polygon", "coordinates": [[[-75.27083660178647, 10.77847978948808], [-75.22725189279423, 10.77184402139366], [-75.24952005728724, 10.722966811763063], [-75.24185876639785, 10.654140570746506], [-75.22362019451715, 10.630857694007213], [-75.23374570301978, 10.47951375267869], [-75.20027020533944, 10.470435398510308], [-75.19524878014454, 10.448859118674562], [-75.16833995218092, 10.451734154039988], [-75.12654624354289, 10.398535413510372], [-75.07448464313147, 10.409347825279701], [-74.96460684300634, 10.325626842220732], [-74.90862485106173, 10.253679987692442], [-74.94366739799032, 10.124427454229432], [-74.84847632196889, 10.085029281873771], [-74.78829696944058, 10.01125798908388], [-74.82039499155833, 9.96733312884725], [-74.87262537511666, 9.93674917914185], [-74.88236986383875, 9.872851248993976], [-74.81559729878784, 9.789894279770325], [-74.81470495610591, 9.731586124282032], [-74.78764598432934, 9.69686482258078], [-74.80575277068274, 9.675530604974401], [-74.77697454099481, 9.626194695237983], [-74.77358049415031, 9.58726788134152], [-74.80705404136813, 9.547422052578389], [-74.77575902491287, 9.500481669802895], [-74.80569882919158, 9.447455068881965], [-74.76333732119119, 9.463752473017951], [-74.7320748797887, 9.418828270955624], [-74.69889072200768, 9.426862109877902], [-74.6724061923001, 9.413078675051452], [-74.6597774548157, 9.385865121135748], [-74.61844712520416, 9.371501502149226], [-74.61528059500033, 9.340995334569042], [-74.56568066277586, 9.314363188871647], [-74.51677890220117, 9.234521723100906], [-74.43557478322154, 9.274291698600804], [-74.4030306084063, 9.213748526994053], [-74.34889916982081, 9.233281267971446], [-74.29645385318258, 9.202676294664993], [-74.29821201784888, 9.1598319938751], [-74.24827782514923, 9.164652780151101], [-74.22007533281977, 9.136127048785564], [-74.22843910910882, 9.124046038559479], [-74.17658689480548, 9.089289781228963], [-74.1572931127316, 9.057377077993854], [-74.13466072370838, 9.064402750302843], [-74.11793922837576, 9.048881412600368], [-74.14069453503215, 9.040799773414522], [-74.13746760081824, 9.028731709836611], [-74.11328094165118, 9.040996688153259], [-74.09799583464518, 9.015818201006464], [-74.05709585093547, 9.018505769017132], [-74.0355938300389, 9.044391839892779], [-74.02696927403314, 9.026165735237855], [-74.00320120999451, 9.02964676570241], [-73.98487463173576, 9.008904745990149], [-74.0038608918664, 8.998821163413062], [-73.97766559229719, 8.983928361856869], [-73.95913625883652, 8.995924505027126], [-73.89395999369252, 8.977930376626968], [-73.86632792713333, 8.952659440091638], [-73.86655674712372, 8.887049171235253], [-73.79527715656505, 8.816771946763145], [-73.78927067732816, 8.749205324040538], [-73.81571689940083, 8.72149223176034], [-73.81981501256193, 8.65301769072088], [-73.77490443295956, 8.560550083605238], [-73.77430153364432, 8.4970546595891], [-73.7460043161354, 8.462057962744362], [-73.7576323590373, 8.334247861568857], [-73.7470141852704, 8.316492138277878], [-73.76032724132627, 8.299872526157282], [-73.75026665098221, 8.271879640303082], [-73.77955551778618, 8.208128715138985], [-73.77370566212117, 8.147235045194424], [-73.86147219292565, 8.078501264901245], [-73.87168018497428, 8.018769998017696], [-73.86565016838608, 7.976920538937731], [-73.83158919386405, 7.935872868411554], [-73.8216274572787, 7.823028137898646], [-73.79813688703886, 7.774987189156749], [-73.83185068064581, 7.729819635637377], [-73.79775938475262, 7.650859330580944], [-73.81842577019238, 7.642814402049413], [-73.81031148679916, 7.616571711175842], [-73.82871181000952, 7.602441177212246], [-73.84923438567165, 7.534666158973951], [-73.91308097668966, 7.493596647564258], [-73.91813256938934, 7.474268025807557], [-73.89535730680561, 7.431371640205128], [-73.9158523355841, 7.295583790316077], [-74.24729313119215, 7.001971002216367], [-74.27720960093764, 7.012199927340153], [-74.30581463437281, 6.99915985627334], [-74.3221588831658, 7.018860237822723], [-74.35569575560935, 7.009898841819711], [-74.35144496834589, 7.081589763589873], [-74.37201027293169, 7.098079352965466], [-74.37001640311632, 7.125205811276444], [-74.40909940533143, 7.19412439115], [-74.38700357580082, 7.278867955835693], [-74.39772752276897, 7.347909256270333], [-74.32291059598013, 7.446816856204439], [-74.37009437054924, 7.47996093177147], [-74.41244871989211, 7.460350816615859], [-74.41940567065676, 7.388585669158015], [-74.49096935558146, 7.343460019859232], [-74.59842158825997, 7.461902737641406], [-74.59022970189739, 7.511040884593799], [-74.5683835369594, 7.518105557696951], [-74.56108381884127, 7.646454135021429], [-74.53060667281721, 7.671204665958878], [-74.47646716362073, 7.682159135264838], [-74.47532153529087, 7.70555226388174], [-74.50703841007973, 7.722627095036827], [-74.51358117303342, 7.781025398573952], [-74.52529909407936, 7.782569428395717], [-74.51979795820593, 7.900795846854079], [-74.53891570266327, 7.946922179724081], [-74.57410597535893, 7.979395865965404], [-74.60313638232057, 8.037841374052983], [-74.66768108941079, 8.060034019103192], [-74.72858598864933, 8.118374936142207], [-74.7848105132317, 8.131495470312348], [-74.83323049477451, 8.21230971129982], [-74.79492069934508, 8.246560181975886], [-74.80876705886075, 8.274273170910377], [-74.7708823946679, 8.279409693551779], [-74.76435049513567, 8.294539111959333], [-74.73475429791428, 8.29818181716635], [-74.72747281125262, 8.281022452015838], [-74.71272340056203, 8.304056774345623], [-74.65348785144529, 8.27899564016252], [-74.64924689916906, 8.313469992431214], [-74.61401396088355, 8.347002820257007], [-74.61453594896278, 8.406543810605314], [-74.57742071143956, 8.385612454976124], [-74.53973208399539, 8.426392518033339], [-74.53540630172407, 8.480637178178252], [-74.56868786843043, 8.50755452969157], [-74.5765489397539, 8.544230557410044], [-74.56258200082438, 8.569054795419289], [-74.59471096054926, 8.592295991904788], [-74.58670792925443, 8.630780516965242], [-74.61073382056396, 8.755937903918195], [-74.53965931561537, 8.805290829222292], [-74.58601096296185, 8.84117296555276], [-74.57944396138542, 8.872765657037212], [-74.63936084822387, 8.977455862991775], [-74.68382741141397, 9.01150688080881], [-74.73685758133725, 9.015829401710441], [-74.75049141498182, 9.042356199253295], [-74.78185125758165, 9.037660866820048], [-74.82376495338127, 9.057419907132115], [-74.86325603743731, 9.148477619250565], [-74.90302754981789, 9.163482234753047], [-74.90466929119204, 9.229612942629466], [-74.93099874028198, 9.254840199323993], [-74.92572111044659, 9.278960975898523], [-74.94451122598683, 9.295801293962194], [-74.93287121116663, 9.328404486896336], [-74.95080280620748, 9.347628261630865], [-74.89077833070047, 9.430964061231885], [-74.93560097054937, 9.44805501666184], [-74.96687882819975, 9.434422380337], [-75.03222927096357, 9.466568753129831], [-75.02894884471097, 9.50983670069894], [-75.01239443273987, 9.528293673607953], [-75.03988546631685, 9.54042658863115], [-75.07785267868337, 9.532755737649882], [-75.13338701395847, 9.596426072048573], [-75.16721738792894, 9.613418443021086], [-75.18105950697334, 9.601913082839227], [-75.18933234648485, 9.629264393776412], [-75.16450565786376, 9.646466148148658], [-75.23267670826623, 9.646674950801867], [-75.27645712958783, 9.686258791334541], [-75.31472835113362, 9.652764225818276], [-75.32708239291867, 9.616707619572669], [-75.35624583438437, 9.647309141805202], [-75.37437777194604, 9.630769875010365], [-75.377959708731, 9.720356971367746], [-75.35997419005977, 9.737500227760188], [-75.33826145312803, 9.828226991595876], [-75.37676829523114, 9.849402360130192], [-75.38976322497301, 9.878330768926315], [-75.42197822788405, 9.884450565783686], [-75.39669634615065, 9.89383177728346], [-75.42759243092121, 9.89287622105938], [-75.43085376570734, 9.912734033083566], [-75.46550715064798, 9.891769969162498], [-75.48204890359406, 9.929895499374902], [-75.46918593718344, 9.924713811329811], [-75.46418014901343, 9.96138215670193], [-75.48009600001285, 9.978449512299537], [-75.47610976188722, 10.018560556926296], [-75.49082344254231, 10.038253769689756], [-75.51554564782816, 10.025131778365626], [-75.5433227367811, 10.040149365065497], [-75.4974775893482, 10.145482636435627], [-75.57362449393247, 10.08642805912272], [-75.5807434111197, 10.12549289318543], [-75.56412369836718, 10.123587261658814], [-75.52948689938032, 10.166443551235686], [-75.54463155182805, 10.159681288163895], [-75.55449318655039, 10.1782775139326], [-75.53815105077729, 10.187716507165556], [-75.53613916614401, 10.172825026129287], [-75.520850117223, 10.17335224915949], [-75.52464380157983, 10.221121260697064], [-75.54622595264127, 10.216778631707149], [-75.54684741604432, 10.228788991311433], [-75.52657906023293, 10.234021670404454], [-75.52319464899858, 10.236981609258992], [-75.54325251136532, 10.244287364296587], [-75.63759088398304, 10.177004726237628], [-75.63721452503745, 10.18798075132719], [-75.63866141024303, 10.175348602234482], [-75.66904340895134, 10.137605188751722], [-75.70319208322532, 10.140973932845846], [-75.65360460934366, 10.163885532717092], [-75.6043561911938, 10.236942176842506], [-75.58609779212154, 10.225679060168895], [-75.62168646167144, 10.250825029300042], [-75.58393502101717, 10.261569931861729], [-75.58848948203445, 10.296087624653394], [-75.57862387761004, 10.299947512909663], [-75.58095947709505, 10.279088087906864], [-75.56149438361213, 10.263300760602942], [-75.53189071811033, 10.279576749260968], [-75.54446118459822, 10.281419093865045], [-75.53047570393454, 10.304184808742637], [-75.50294443042866, 10.301569009941185], [-75.51045396898287, 10.378175004750542], [-75.53715619097595, 10.39323322613654], [-75.52404251419743, 10.404486802993338], [-75.54878201307235, 10.422149869817476], [-75.5445804870256, 10.390248121761472], [-75.5656685446357, 10.396898282394707], [-75.5541495524272, 10.425508225314626], [-75.49252894297467, 10.484505501847456], [-75.51267068968748, 10.571081516124012], [-75.46145941713262, 10.589702945265483], [-75.45153513043614, 10.627606893370778], [-75.39864376495754, 10.662792520015339], [-75.39424458928421, 10.682668889650898], [-75.28191552386679, 10.70940524242895], [-75.26535244913268, 10.740400641699607], [-75.27083660178647, 10.77847978948808]]]}}, {"type": "Feature", "properties": {"cod_dep": "15", "nombre": "Boyacá"}, "geometry": {"type": "Polygon", "coordinates": [[[-74.26739435243334, 5.840827165338306], [-74.24421761859656, 5.833481285438164], [-74.19730385565167, 5.85294154705343], [-74.18041643935963, 5.911088567153997], [-74.13333312777813, 5.875921145288418], [-74.10307663524597, 5.876997636001311], [-74.07925944019317, 5.81850039530695], [-74.02603033409434, 5.806822431350419], [-74.02506369172559, 5.780755360404456], [-73.98261122366769, 5.720910166731806], [-73.96243084806981, 5.739438011267432], [-73.92451572278682, 5.743026230804308], [-73.87454942613243, 5.727865179340122], [-73.87434514976907, 5.708007828414313], [-73.82440745589595, 5.740557321091642], [-73.81253161733206, 5.714967978717586], [-73.76360922466874, 5.772915102879447], [-73.7143825009763, 5.781700865263121], [-73.64678501330201, 5.713316614973928], [-73.60017153279118, 5.868990525898894], [-73.6359002841378, 5.911162380219606], [-73.60302188466929, 5.937564129050808], [-73.58479182896582, 6.00818520804219], [-73.53964674001911, 6.037425697171818], [-73.51520286303999, 6.099078776903867], [-73.49741541659843, 6.108032160326839], [-73.43807888894221, 6.07137809983879], [-73.41483270491943, 6.073094707320484], [-73.37070869832411, 6.00523217457504], [-73.4074076940687, 5.889543719795689], [-73.44448609727932, 5.902000821058482], [-73.45690333142872, 5.890356058727697], [-73.45108873483048, 5.867043889304608], [-73.47347757974812, 5.816830869040788], [-73.4358932171796, 5.798198037659617], [-73.43080930939297, 5.767068563575547], [-73.39048013829398, 5.751068438084072], [-73.3790302737906, 5.763402488406689], [-73.34574940165908, 5.842248863037922], [-73.35147171256811, 5.872571855421703], [-73.32924004420143, 5.851541375981022], [-73.27048027930553, 5.853546006081491], [-73.24689090486864, 5.815959383842752], [-73.2049532717403, 5.826582486850346], [-73.18398078003528, 5.850447154236312], [-73.22098261599199, 5.89070318004262], [-73.20830580459337, 5.921504987768563], [-73.22473870436403, 5.94113991506803], [-73.19931454424704, 6.003134277691819], [-73.14263910403001, 5.96107694471748], [-73.10077675777251, 5.962260957610706], [-73.06781645216627, 5.982041703615499], [-73.0621970485894, 6.011052393426241], [-73.03200938525154, 6.023000190633981], [-73.01124344720957, 5.963105016215669], [-72.91597506981552, 6.107376268859042], [-72.87251881268253, 6.125122362578297], [-72.86843404879157, 6.144522180602635], [-72.83127065455831, 6.148783293212965], [-72.80373756781337, 6.215967976055832], [-72.77501610101115, 6.21048288198211], [-72.74467753771575, 6.229182198251742], [-72.75791633063592, 6.315094798981917], [-72.72558927410276, 6.372056532363276], [-72.73797620727166, 6.440268768008795], [-72.72488353565424, 6.456701817263525], [-72.73592265944013, 6.490688267667238], [-72.80857913793149, 6.538807341761359], [-72.80858057429543, 6.559527810902024], [-72.76460303740896, 6.582838994226639], [-72.7191371970407, 6.552697765210818], [-72.64906981372427, 6.436400567972282], [-72.53455119105645, 6.494257929993156], [-72.54946861984072, 6.521468813813475], [-72.53632280955841, 6.54041878892809], [-72.54266503184267, 6.58281149511723], [-72.48553525116485, 6.657101120657392], [-72.49888917426614, 6.795241514190615], [-72.47705870740477, 6.842202640628565], [-72.50157021638557, 6.8742497967655], [-72.4966081087753, 6.921525670130324], [-72.38728140388679, 6.873908937842824], [-72.31342579999487, 6.932223803000408], [-72.28142958928242, 7.010064291261722], [-72.25250988874708, 7.0074835511692], [-72.25541734236421, 6.983979265571244], [-72.23410395628034, 6.979264171702598], [-72.20096781760839, 7.006687166769371], [-72.19063931920695, 7.047474994952993], [-72.1840937473675, 7.028932249692406], [-72.16197768858684, 7.046938383327515], [-72.14713560292047, 7.015295592737179], [-72.11351095428736, 6.997094911343028], [-72.0810098029964, 7.04546148993921], [-71.9985625158307, 7.008757667969467], [-71.9495970640051, 7.009866413674714], [-72.05060356496233, 6.768895848556046], [-72.10012238882813, 6.747193736007926], [-72.09142715223571, 6.645960284995474], [-72.1128163172838, 6.612115457710849], [-72.1308951373068, 6.520588905859013], [-72.17788400999542, 6.496758419083032], [-72.17474644203789, 6.463005667865259], [-72.21375443758373, 6.465485813336506], [-72.23508261402424, 6.421961237358401], [-72.26787216722425, 6.441579420228914], [-72.28271603059044, 6.379385893307744], [-72.3156528243804, 6.3575165581201], [-72.31709221369174, 6.334699434624632], [-72.35402006785216, 6.343542414961491], [-72.39614714291642, 6.274157047752135], [-72.38724316667317, 6.261007193883565], [-72.41884360937755, 6.187812607892369], [-72.39252884225498, 6.188325491406321], [-72.39310468439365, 6.161569468432089], [-72.37450699637357, 6.15006621437713], [-72.38917830724297, 6.123736823348314], [-72.36408147990667, 6.099325889245406], [-72.37537916089946, 6.092501594720122], [-72.36663860710806, 6.076834828876416], [-72.32120409475172, 6.088204321135825], [-72.32153932029183, 6.06783868170614], [-72.36550568025643, 6.036703418002959], [-72.33978252323482, 5.99849261758202], [-72.32645635085947, 5.908353401352037], [-72.33568511476372, 5.889566466730579], [-72.41554955811957, 5.90401135940739], [-72.45089407169311, 5.878371555864664], [-72.46298460964128, 5.847968480780511], [-72.30759574535973, 5.792798587758051], [-72.30046747233855, 5.758265913353089], [-72.28038479987914, 5.749550322140851], [-72.24966973690559, 5.685253602451758], [-72.22142590437456, 5.676040322167332], [-72.2721380934126, 5.662216044318209], [-72.26268897160551, 5.633537192119284], [-72.2890441168879, 5.600283359404852], [-72.2952919167981, 5.514952802344294], [-72.33039167024286, 5.497636198280981], [-72.39650196060455, 5.570242257752736], [-72.42090449604467, 5.563237949306197], [-72.44239468061966, 5.519263598120904], [-72.48985701792779, 5.481831435321781], [-72.50343391539897, 5.443027437830924], [-72.58397811983772, 5.381988632683242], [-72.56723763514347, 5.37337261979478], [-72.57975046104247, 5.35033419085145], [-72.62031404396609, 5.351217523836995], [-72.70056665220125, 5.273278446707158], [-72.7255818464289, 5.318019246421913], [-72.75688995099627, 5.331374542845537], [-72.79832219619257, 5.380142863414357], [-72.85954502502594, 5.34039042540822], [-72.88271031773715, 5.363227945224855], [-72.89620702209962, 5.262083710962772], [-72.97389066876694, 5.150364404583248], [-72.92859167157319, 5.099673012306742], [-72.908440181414, 5.102479661710295], [-72.90382123392294, 5.067931974894194], [-72.97528364739243, 4.974758154348483], [-73.01654036723555, 5.002663960048214], [-73.03051301816586, 4.98230561877602], [-73.04912913610656, 4.92225665590407], [-73.0414836518242, 4.87832679281035], [-73.07771915334902, 4.810741989065907], [-73.0449898432398, 4.750483136785602], [-73.06210919367001, 4.731848807934457], [-73.0718478215993, 4.73918813516715], [-73.10420664479985, 4.660494026342586], [-73.12168766607614, 4.671559260241803], [-73.1490258909831, 4.655244906076277], [-73.22243363043604, 4.677377771736028], [-73.23465594697545, 4.695153026649428], [-73.22303682965173, 4.733288926423245], [-73.3040176418816, 4.729588655228178], [-73.32085050978837, 4.779294445447308], [-73.37183644358036, 4.800823427301094], [-73.36516400782926, 4.824769350308243], [-73.40200349080854, 4.879933499422564], [-73.46961638378214, 4.892720183451629], [-73.52087070213773, 4.878956317836644], [-73.53867728870004, 4.896568796747615], [-73.54467951600024, 4.944186177100597], [-73.50699497497946, 4.99635771776825], [-73.5224036122953, 5.02922352372999], [-73.47985807414665, 5.063143964442135], [-73.49453516598761, 5.106353609660524], [-73.47720362562434, 5.148094482549936], [-73.51194094297303, 5.162297358137485], [-73.52454293061503, 5.214020199760712], [-73.51479130262409, 5.232694448658192], [-73.53418075408946, 5.282298948673888], [-73.59936607840949, 5.318812744596288], [-73.59272405563786, 5.398848536179713], [-73.67842962413732, 5.434323504862133], [-73.67671817121551, 5.459455870372365], [-73.69627674006117, 5.446636038128705], [-73.71953141814552, 5.458814274206322], [-73.7202456199766, 5.478070575280868], [-73.74316181141003, 5.468552078724162], [-73.74707680723266, 5.489626504394706], [-73.7688310432562, 5.486596282739282], [-73.80467054466541, 5.571397783222745], [-73.88987068160009, 5.512416276588231], [-73.90679869420595, 5.528175820651684], [-73.90120069003504, 5.447743071682153], [-73.91251709777397, 5.432232338308878], [-73.94217901383844, 5.434081863703456], [-73.94797328104576, 5.417556347993065], [-73.97268514941008, 5.419559902952625], [-73.99138839300981, 5.374647046706532], [-74.02096868312002, 5.36629419673644], [-74.02227788206058, 5.386888338337623], [-74.09275325237275, 5.428945907843647], [-74.09693180944103, 5.470635295082064], [-74.11729757867896, 5.472976496328225], [-74.12547328606139, 5.428969887121278], [-74.18238713233667, 5.463738198264871], [-74.20192375370475, 5.497010590331297], [-74.24395946659713, 5.476346197940625], [-74.25387355681947, 5.487615956676337], [-74.24029168417478, 5.539196022022118], [-74.29777524369445, 5.57496836113232], [-74.31495709969707, 5.620507805189706], [-74.27597746476992, 5.692185245678013], [-74.30398703422038, 5.709234397319544], [-74.28716685772456, 5.746492562982127], [-74.31298310520994, 5.782246934251449], [-74.30102451199114, 5.797659871884486], [-74.31684595418236, 5.797007956797408], [-74.33309655495505, 5.837042839761581], [-74.43091355319692, 5.758013705324109], [-74.53066626579997, 5.790655329134291], [-74.55400025565262, 5.760553598263655], [-74.58744009817505, 5.759036880651701], [-74.59814917282954, 5.74339521109298], [-74.62708056110257, 5.76245607927943], [-74.6507241922526, 5.738802842376379], [-74.66496042787459, 5.768536584613641], [-74.64414313423075, 5.851233652781693], [-74.5841990218772, 5.909411176620176], [-74.61237676070321, 5.969879923356738], [-74.56272437709055, 6.001891478271556], [-74.56174784560503, 6.078295787369047], [-74.58451333229488, 6.088208060026308], [-74.61069479371679, 6.133197177772357], [-74.53379229368028, 6.269746649948886], [-74.50841812237653, 6.216470539914751], [-74.46962850740769, 6.201394079764865], [-74.47947584698899, 6.159641996287196], [-74.4526255426329, 6.135675444556108], [-74.4516946468634, 6.099285651126162], [-74.40798645006778, 6.086456656405048], [-74.38305881186537, 6.040277891951516], [-74.34755227881645, 6.038518748756334], [-74.3373256313766, 6.064977650084627], [-74.29807339318513, 6.084108161561463], [-74.25871623407916, 6.065524406178592], [-74.26008465027726, 6.012481524333692], [-74.22222489218163, 5.967910210576814], [-74.23889663344671, 5.943694756960961], [-74.22449041461118, 5.923237040735943], [-74.2311406901995, 5.905005995858491], [-74.27498091779636, 5.868483356684679], [-74.26739435243334, 5.840827165338306]]]}}, {"type": "Feature", "properties": {"cod_dep": "17", "nombre": "Caldas"}, "geometry": {"type": "Polygon", "coordinates": [[[-74.71393190698818, 5.772178154974193], [-74.66496042787459, 5.768536584613641], [-74.6519589560123, 5.709524041052615], [-74.62907109243524, 5.70142150938639], [-74.62839344293258, 5.632521869968383], [-74.65305136400696, 5.574720973664275], [-74.64101453907438, 5.540218213196195], [-74.67457259658778, 5.514650657613005], [-74.6504938792587, 5.444354448332537], [-74.67640012162167, 5.438085982569918], [-74.66669332004105, 5.405912861449217], [-74.6848385086071, 5.400236048864721], [-74.68508834828096, 5.36718533329113], [-74.70661057569436, 5.37096868382205], [-74.70107721956904, 5.353180184754828], [-74.73427576101992, 5.286864727264599], [-74.7544654395709, 5.281705116781372], [-74.82667114191553, 5.319335665010861], [-74.87281519678702, 5.294913989106312], [-74.9393769652039, 5.3130304208029], [-75.05662692788103, 5.275524318321499], [-75.11623493360068, 5.160564423123111], [-75.1715782431038, 5.170964781652026], [-75.23501705285203, 5.126000107091492], [-75.28790829790825, 5.13830651212825], [-75.34475243093303, 5.080784946408121], [-75.34879275668644, 5.057294908845453], [-75.31800828439343, 5.015353392358769], [-75.35272461981211, 4.966741005682477], [-75.35246287854997, 4.940566933801512], [-75.31872212180798, 4.888072056587709], [-75.3754990699747, 4.802684967114165], [-75.42686677312584, 4.816390872071227], [-75.48008524066317, 4.916464205702778], [-75.53745761491116, 4.916533211311837], [-75.56459417783915, 4.937803211995235], [-75.61706107890963, 4.931405170415831], [-75.62307886722706, 4.970959858825104], [-75.63950501317309, 4.974998157734521], [-75.65553960339243, 4.9458020326625], [-75.7023847852709, 4.945500299280473], [-75.74681297107688, 5.046819020990827], [-75.78139178635769, 5.010384385215265], [-75.79218890636312, 4.937768377939256], [-75.81480708907206, 4.919438478435802], [-75.8666845000761, 4.933623447364182], [-75.86072690129666, 4.942129235920675], [-75.89216009341203, 4.961530422967706], [-75.90386704117326, 5.023616511022372], [-75.92203422556088, 5.042051382802788], [-75.91735166903379, 5.078686348891165], [-75.89182825453216, 5.130996997970706], [-75.84584852489168, 5.105580896847819], [-75.83656882193239, 5.11478186266441], [-75.83382269489445, 5.150083376808949], [-75.80237520395066, 5.200359328186452], [-75.82366414387184, 5.270118110049098], [-75.7492723409728, 5.284523873918042], [-75.7348075109143, 5.264365799843493], [-75.69263834741338, 5.255185181854987], [-75.66643334334316, 5.267641659971176], [-75.64814603665361, 5.307572009665038], [-75.66617087173053, 5.354000321053143], [-75.72522650908026, 5.397141539739256], [-75.80917475817226, 5.362126563265458], [-75.86067798509819, 5.371708953926889], [-75.85064151301998, 5.412476717041826], [-75.86540230041022, 5.501869119242699], [-75.83249416678117, 5.488838933858026], [-75.78567968741342, 5.539968863716642], [-75.73026679907265, 5.564098976923717], [-75.6891080128776, 5.519317184312497], [-75.61679143159698, 5.532308177225526], [-75.5710290551309, 5.520572496424466], [-75.58976235807805, 5.641865031586716], [-75.57235898006633, 5.664707856744147], [-75.59959904957863, 5.680911987062677], [-75.59926247509186, 5.737311282302352], [-75.54337074421069, 5.720071071114975], [-75.5354901535591, 5.690976255808423], [-75.51989426194187, 5.69512034662434], [-75.47816141082487, 5.664284378119144], [-75.42893172511319, 5.696602869200591], [-75.37689256273327, 5.674191472561574], [-75.36839403319651, 5.640842851369414], [-75.3831109993184, 5.621509730920016], [-75.36528883567944, 5.60156984836113], [-75.34020931657886, 5.603009422674044], [-75.32884782692541, 5.524572572920445], [-75.31082340986745, 5.508665876430535], [-75.31773335039422, 5.462543964662445], [-75.28258062422967, 5.47568882014747], [-75.2759295136404, 5.418558387831321], [-75.22072682010418, 5.502936207012889], [-75.13760889519271, 5.527219586614737], [-75.12984004420956, 5.553236626359957], [-75.09162334189907, 5.585212497414383], [-75.09918258203075, 5.642319513988186], [-75.08709747662319, 5.660814148199381], [-75.01055669626278, 5.681097336030094], [-74.99330102819249, 5.715334121867667], [-74.87336000709733, 5.747711073408811], [-74.77154407187658, 5.689813935671099], [-74.72944348627104, 5.70646776830976], [-74.71393190698818, 5.772178154974193]]]}}, {"type": "Feature", "properties": {"cod_dep": "18", "nombre": "Caquetá"}, "geometry": {"type": "Polygon", "coordinates": [[[-74.79916381398915, 2.937916759113235], [-74.7693748448721, 2.873124950888066], [-74.67292022821887, 2.888333321155311], [-74.66666411900711, 2.804999825805839], [-74.64333343008381, 2.755833392683881], [-74.6175003120813, 2.753750081599743], [-74.63749695333698, 2.700833318056822], [-74.58583069286351, 2.665416708947683], [-74.6816635083124, 2.558333391925808], [-74.67749785656031, 2.523750063913174], [-74.64749908096248, 2.493749857804877], [-74.66291808501641, 2.488333222139637], [-74.67292022931308, 2.425000190753748], [-74.69291686892419, 2.420000071939504], [-74.73374938368744, 2.346666809558458], [-74.74833678493108, 2.274166819581771], [-74.73000335702197, 2.279999972550184], [-74.71583557914678, 2.263333324040322], [-74.70916748416865, 2.283750054895823], [-74.69333648569133, 2.284166571431301], [-74.70124816981095, 2.271666527726169], [-74.65000152561343, 2.240000007912182], [-74.66500091414994, 2.211250073658271], [-74.62708282404101, 2.192499880670051], [-74.61083221608894, 2.208333498038494], [-74.59166717776965, 2.201666597906749], [-74.58916473961027, 2.169999838794767], [-74.60416412886401, 2.156666515243649], [-74.58000183687791, 2.124583247075942], [-74.55083465560305, 2.131666661683406], [-74.53874969057829, 2.110000125787185], [-74.48542023373656, 2.149166583893664], [-74.48416900668089, 2.110000126116971], [-74.46208190826836, 2.089166638081402], [-74.3925018268719, 2.084166525630171], [-74.36194287715777, 2.059513749317473], [-74.2418960808152, 2.05641730442331], [-74.19000243816396, 1.985416777814115], [-74.15333557337536, 1.979583376559405], [-74.14958190190875, 1.997499939704184], [-74.10500336104238, 1.972500087339783], [-74.04000091794124, 1.970833298771039], [-73.65666833319419, 1.617731944145717], [-73.65834578802402, 1.576350893431635], [-73.54725851218568, 1.438015101946834], [-73.54764711383791, 1.406161515185746], [-73.47210893191624, 1.358454794121333], [-73.45607704904823, 1.294573247986714], [-73.42825363818967, 1.295942495714006], [-73.4318702547343, 1.258920562703179], [-73.40874095385456, 1.241436497050674], [-73.42416784909575, 1.223537484887588], [-73.40727170576037, 1.20574666498914], [-73.42110045213997, 1.191067727829122], [-73.39298500742717, 1.171941515880657], [-73.39749869060415, 1.153091168716441], [-73.34356776703991, 1.123403286348994], [-73.34054040943379, 1.099177494210247], [-73.28201259704129, 1.066795451676305], [-73.27884747010756, 1.047291788175801], [-73.25155583885224, 1.048763000177201], [-73.23490330255629, 1.008697858930352], [-73.17857046585192, 1.000162199270053], [-73.17292205288577, 0.981514871442462], [-73.18950189741396, 0.966986425551004], [-73.16425363785633, 0.94037202866098], [-73.14694921877754, 0.943331994190093], [-73.14452052894352, 0.919930551967093], [-73.10927922103077, 0.924003669156494], [-73.0775291556335, 0.894454602017759], [-73.05159782720403, 0.91186021942357], [-73.03826532870998, 0.902423741778569], [-73.02657725702119, 0.92149908433524], [-73.00972821887646, 0.910544677990529], [-73.00621167708098, 0.933288348616446], [-72.98741462731499, 0.928532162659803], [-72.99637042186811, 0.952009501640689], [-72.93671571680613, 0.984088455415195], [-72.93249837683571, 1.015151867278131], [-72.86718941974225, 1.024461643315875], [-72.86515180894331, 1.041711077377614], [-72.87934482639784, 1.046172742753781], [-72.85802016892745, 1.042238048122083], [-72.86083066815526, 1.071923937332077], [-72.88334978612252, 1.070026848252939], [-72.86912163777211, 1.086538527804275], [-72.88370109755031, 1.098623669779055], [-72.85004537978256, 1.104666241580945], [-72.87207266144439, 1.135406067620297], [-72.8497994605864, 1.143099806840584], [-72.85924976168738, 1.164775775658063], [-72.82689389856574, 1.14889645958782], [-72.82390774506663, 1.178231036604752], [-72.77128116203053, 1.182271129784282], [-72.77802635778404, 1.147877654783442], [-72.74960519274406, 1.128836529585627], [-72.73874964223394, 1.15110972783091], [-72.72276493311598, 1.149599087991787], [-72.72585648135825, 1.186100435964353], [-72.66219869224254, 1.15079355039151], [-72.6473733123394, 1.180795617326212], [-72.62257066418432, 1.136249216995634], [-72.51091666824115, 1.068011161728528], [-72.45568188983137, 1.079863665168163], [-72.39946042963349, 1.003933849742475], [-72.41047860813013, 0.986819485801442], [-72.40046509119617, 0.96736285226483], [-72.37702235785687, 0.960206792001235], [-72.39160003366166, 0.919090272364465], [-72.35440827070065, 0.935069645135089], [-72.33992404117002, 0.926659448395041], [-72.34693253885959, 0.902923999980654], [-72.33235486282851, 0.879375445944337], [-72.34356845966482, 0.868629081757368], [-72.32758908356777, 0.839940962957817], [-72.32394466462931, 0.875357242350392], [-72.29170557363776, 0.877786854614573], [-72.30133057755829, 0.841155769313173], [-72.28675290238193, 0.81872857690728], [-72.31011456204959, 0.80929046542877], [-72.26965444999142, 0.763105178253042], [-72.27034076234315, 0.794098496230511], [-72.24869581918583, 0.788537373268743], [-72.22185126837405, 0.747279619043973], [-72.22009178965098, 0.705600300980932], [-72.20037841510235, 0.701969928070103], [-72.19079114684386, 0.726988758053936], [-72.16393366298524, 0.713330186226901], [-72.1633779392851, 0.733850786364051], [-72.14029382514528, 0.718058154206726], [-72.12670091770532, 0.740122002928465], [-72.10982470020845, 0.704924907891554], [-72.0703593022917, 0.692710991842078], [-72.08428054125547, 0.657776564709444], [-71.99793379592846, 0.657393984045762], [-71.99496045693417, 0.633076318164305], [-71.98147424060313, 0.630633934107747], [-72.01173858476398, 0.596015771305775], [-71.95310175025811, 0.540008505175628], [-71.93864515000308, 0.56996106928108], [-71.9131807461745, 0.515961414968358], [-71.92900741598996, 0.486623021881559], [-71.90146428490908, 0.471977445251779], [-71.92050353400184, 0.452560247070971], [-71.88984231283132, 0.447552405428324], [-71.88710217323226, 0.469379037433781], [-71.85899211726912, 0.457001164993214], [-71.84689770625404, 0.413584119388648], [-71.823417540992, 0.405741649308009], [-71.8510079156573, 0.35037192540503], [-71.82346478494763, 0.339364122315859], [-71.80187437204793, 0.35528527859026], [-71.81481917064765, 0.373568626405118], [-71.76696120980203, 0.369600148920303], [-71.78907130531417, 0.335679104889421], [-71.7536857050208, 0.332419286078531], [-71.73724486457579, 0.285695174570145], [-71.70500724839039, 0.318422396950714], [-71.70086240504017, 0.299556216105256], [-71.72630316067946, 0.280975888028474], [-71.69793243134286, 0.237455044072831], [-71.6439065553537, 0.209584554309063], [-71.62411135996058, 0.215873278837298], [-71.61712267427453, 0.192939286688108], [-71.63614882979502, 0.182972109381079], [-71.60578243907312, 0.183302545196717], [-71.56009803879115, 0.215645482862851], [-71.58994787539048, 0.166255121443525], [-71.53146106309057, 0.165244405254165], [-71.54500466767571, 0.132025511108045], [-71.53328035391087, 0.1203685791657], [-71.49669240489709, 0.133170990020306], [-71.47351330001658, 0.184987073089188], [-71.45606159006505, 0.175486332879026], [-71.47034638793976, 0.152644135200222], [-71.4510753874169, 0.139235294145394], [-71.40882742542699, 0.150690081315267], [-71.40060692824376, 0.185997787592573], [-71.37311543204561, 0.172117277208476], [-71.36543398403934, 0.144558399242358], [-71.34185059177975, 0.138291955291708], [-71.33524724236365, 0.155002474745964], [-71.32096244462522, 0.136337904839932], [-71.32850913000097, 0.112889272665939], [-71.29030403538387, 0.095909230697469], [-71.29663785989506, 0.070573931745067], [-71.253845904344, 0.059518811098349], [-71.26336683294086, 0.041933116146661], [-71.32787100569159, 0.018742685280345], [-71.3705893666321, 0.031184924714631], [-71.40045074521117, 0.005609207772873], [-71.44837899763657, 0.003348823367366], [-71.45375190186539, -0.012226563039095], [-71.54671620135116, 0.021335933127801], [-71.57721976016144, 0.01574361317005], [-71.59348832535042, -0.014421017097426], [-71.70482631358783, -0.067293849828752], [-71.70092863656124, -0.097458481049313], [-71.7364580104128, -0.154534416402981], [-71.71064768362132, -0.232342721671938], [-71.72919023560358, -0.231325145805334], [-71.74299745510226, -0.252355178998601], [-71.83086781398607, -0.276304418046351], [-72.04184957523124, -0.26916761668814], [-72.0627222451801, -0.324703827613193], [-72.15344433965451, -0.355326064127168], [-72.14802968465573, -0.395394512182712], [-72.17278959465796, -0.443931293359474], [-72.23061064272727, -0.492975930935802], [-72.24282989015272, -0.605261493563674], [-72.30558805674724, -0.650967932862233], [-72.39436863777962, -0.614114395554391], [-72.40779248615598, -0.567936238966917], [-72.42496999890024, -0.562289797048921], [-72.56280569121795, -0.705686957764424], [-72.67381418471797, -0.635177886787012], [-72.67764881416092, -0.615957963896754], [-72.74061905684442, -0.580109005134307], [-72.74972881223476, -0.554995626004149], [-72.81586180575671, -0.599208181012067], [-72.91727826976933, -0.615509517745386], [-72.93717638421168, -0.605842654853015], [-72.95891432877836, -0.559440699087469], [-73.01565665558027, -0.526867363802883], [-73.05330213902654, -0.546697719551902], [-73.07479201461922, -0.621288800098812], [-73.12142387515426, -0.604131505159803], [-73.2029842113463, -0.62647680380451], [-73.33187629291858, -0.506100452365818], [-73.3785040119167, -0.53626206177938], [-73.43034484413012, -0.510896667288731], [-73.51047856472582, -0.524273713765528], [-73.53319430779085, -0.4877375691998], [-73.56835520395057, -0.516834313586578], [-73.58464931427316, -0.449116192872767], [-73.60815613961296, -0.439154379607744], [-73.65139822565696, -0.457168840728766], [-73.63925926544248, -0.418860277668396], [-73.68567954621133, -0.417675077026631], [-73.71366235391636, -0.382646610026096], [-73.73480664757733, -0.381572442441015], [-73.76342712473506, -0.407461034236332], [-73.81848494108011, -0.411188422962293], [-73.88141174657771, -0.369928479000977], [-74.00723132070691, -0.340583142195277], [-74.0384001489915, -0.306059985397783], [-74.04466858388675, -0.274762655616215], [-74.08176282413939, -0.279820411789746], [-74.11156896123966, -0.235076117564556], [-74.13473474267566, -0.233556726813348], [-74.15820251129492, -0.263107552901644], [-74.18144378680351, -0.263943019981132], [-74.20030798609065, -0.209778861203152], [-74.2175879237767, -0.210082580949012], [-74.2340380986061, -0.23758221264289], [-74.28821663395253, -0.202333281066202], [-74.26550322564215, -0.144447382417146], [-74.30625040293165, -0.146042304129335], [-74.34186599920369, -0.109654345640698], [-74.4018544611612, -0.114287658710965], [-74.44627419143315, -0.139595901951224], [-74.42335949132823, -0.097954904236858], [-74.45437189410238, -0.070759151786285], [-74.47482125974335, -0.130315317165276], [-74.49323271716472, -0.13791148241373], [-74.51896252372222, -0.088610214570539], [-74.53465740335358, -0.095142942333603], [-74.53020596419171, -0.125984448372048], [-74.63176806980542, -0.088456817811986], [-74.61653437688857, -0.056308044110402], [-74.64644432344053, -0.038419729384518], [-74.67771520802407, -0.060130861886316], [-74.65637058998196, -0.01157268094009], [-74.70459899074284, 0.039847935885536], [-74.65647925021723, 0.065738145880747], [-74.71337590765363, 0.094199308004269], [-74.67529088889677, 0.099734720811569], [-74.68056156470749, 0.165404297364996], [-74.73654419612899, 0.2096059458085], [-74.84086563093088, 0.213040696715086], [-74.89297919840789, 0.249197365070918], [-74.95938186583815, 0.242488040960786], [-75.00388804265833, 0.273203019259956], [-75.01057731158633, 0.291450435161776], [-74.97988594818088, 0.314620240218375], [-75.00713612668507, 0.342273349330691], [-75.01664641097038, 0.382896345359184], [-74.98464926483165, 0.399960335783214], [-74.98619709790708, 0.418507249547866], [-75.03386136208542, 0.484262375576454], [-75.105859067788, 0.473760996034356], [-75.1011775056468, 0.511939943809657], [-75.15525762330938, 0.480904414270574], [-75.21767048313653, 0.48745840330725], [-75.19845993421035, 0.504691395209041], [-75.23550885026312, 0.571807240624617], [-75.20725804338636, 0.601470591057206], [-75.2311805825977, 0.646063679190047], [-75.27616684431456, 0.667416861322087], [-75.25709355854879, 0.703394747576792], [-75.2656014683644, 0.725637645847772], [-75.2975044473702, 0.729489437256619], [-75.3398066151195, 0.769234912024034], [-75.40904840020995, 0.73778412630747], [-75.4687495299201, 0.758837270558383], [-75.48306927860801, 0.782966310433284], [-75.50804428162557, 0.768164221337651], [-75.53839243990126, 0.788592482817759], [-75.53793007170637, 0.82680089801304], [-75.60777152030829, 0.838261015171914], [-75.63635693887396, 0.876738391450038], [-75.68192712011619, 0.856908230171106], [-75.73095364370255, 0.858704556558486], [-75.7622797969617, 0.837762037182285], [-75.80017786986245, 0.895733673561578], [-75.828524756228, 0.873841750175605], [-75.85659685195951, 0.885003547241949], [-75.90917967509908, 0.973059218238418], [-75.94692800556804, 0.982914445327398], [-75.92334159058204, 1.032291993381389], [-75.94905764597416, 1.03151395836043], [-75.98624614318562, 1.070088698236799], [-76.00080602082217, 1.067855913596507], [-75.98576579960104, 1.04977825417663], [-75.99588057037154, 1.027551529551924], [-76.00494350654388, 1.054666300142217], [-76.04924769102489, 1.046225665261718], [-76.0849515190877, 1.057551880005259], [-76.12341139804218, 1.100644106339937], [-76.14777007825671, 1.099525766375276], [-76.15950694839596, 1.11616326181537], [-76.21482099601164, 1.108344568193718], [-76.27421287408824, 1.132220814662685], [-76.28508151893358, 1.171229261403996], [-76.30270428893452, 1.176629391077897], [-76.28953981819153, 1.208407744304116], [-76.3062027699793, 1.229148515706046], [-76.21417668983933, 1.320368126435212], [-76.22300622553735, 1.337885635849605], [-76.20344641223762, 1.354134897625846], [-76.20116653605596, 1.42226958394079], [-76.17583130305363, 1.45105504843808], [-76.18378749235302, 1.488204290142243], [-76.1491688512763, 1.536861821206535], [-76.16974681632605, 1.587981576975747], [-76.11991024004237, 1.552133560070527], [-76.07457936885984, 1.584832053802375], [-76.03437752973997, 1.582767256839983], [-75.98084779971823, 1.624355932615535], [-75.97999357322493, 1.65758986283935], [-75.95265118680602, 1.663800256051396], [-75.91223660487775, 1.711959046278005], [-75.84402044729913, 1.722648843745588], [-75.8303202526401, 1.747400985801837], [-75.73714924384811, 1.782464397656498], [-75.73066979772196, 1.82334896814837], [-75.6896216856468, 1.879438004123835], [-75.65175862300339, 1.901053836657239], [-75.64103852625162, 1.95803106589724], [-75.58805904665046, 2.011118371355547], [-75.53498428187594, 2.117660721328065], [-75.44236401210003, 2.14701530837799], [-75.42627105441454, 2.188126652849844], [-75.43965742593338, 2.220711409066226], [-75.41040519824037, 2.245648227084463], [-75.38855687216414, 2.312624404865818], [-75.34808738831491, 2.323784418186346], [-75.32962409970912, 2.365308383856999], [-75.31014718684929, 2.361613163562702], [-75.27954463784695, 2.42271247231302], [-75.25058991972406, 2.444454096821738], [-75.22710328279396, 2.511670358330368], [-75.18055808991664, 2.507708338411469], [-75.15413153919745, 2.581194712601179], [-75.13269170241091, 2.595151386630947], [-75.15552010697824, 2.645046836680425], [-75.13333209522251, 2.691488890794099], [-75.15409344764103, 2.70412376068263], [-75.14681156909509, 2.722372112687869], [-75.07034433512175, 2.74214632095994], [-74.93551300201212, 2.908908325936018], [-74.91062545202448, 2.883541823728216], [-74.8783340420862, 2.914999952782296], [-74.83687591996214, 2.908541554599609], [-74.79916381398915, 2.937916759113235]]]}}, {"type": "Feature", "properties": {"cod_dep": "19", "nombre": "Cauca"}, "geometry": {"type": "Polygon", "coordinates": [[[-76.45922083917449, 3.328723712245328], [-76.34323053357456, 3.280331805529779], [-76.2292590588744, 3.276831382972964], [-76.19134096516177, 3.227090298724747], [-76.1563607506076, 3.236033432987138], [-76.0678070293339, 3.210513968318949], [-76.05520555890635, 3.223265357144875], [-76.06856364033113, 3.195461551577766], [-76.09154232212033, 3.198297427615063], [-76.07372392032917, 3.122485233595384], [-76.10541139516035, 3.100556552984913], [-76.08227232469689, 3.090443273447124], [-76.07298183521036, 3.049592586830578], [-76.04489847274613, 3.043123450814778], [-76.04130435987074, 3.015879169762366], [-76.02079985232, 3.003891668245136], [-76.02899347341078, 2.94049025998926], [-75.87917940697695, 2.83376585198631], [-75.82543251796407, 2.838238318143614], [-75.80555201104477, 2.819133007423385], [-75.80580667115237, 2.768290346700692], [-75.7537534675373, 2.745234577625276], [-75.74782424722925, 2.719511371551659], [-75.7579806937867, 2.680771531427723], [-75.78908913677091, 2.658198716846989], [-75.79101917710143, 2.630396054699144], [-75.83755865276322, 2.567119611852478], [-75.8141156400625, 2.483622896210504], [-75.8532438298012, 2.454791770188473], [-75.86347542422462, 2.426353993721466], [-75.88749726576815, 2.425107222275553], [-75.92399553440436, 2.48122963271531], [-75.97936384663585, 2.503611023903886], [-76.03253500806106, 2.402631164878217], [-76.08924786931546, 2.415918018565585], [-76.21719072096367, 2.319118977874042], [-76.25752505956136, 2.353332728998804], [-76.30035308829162, 2.357624987085183], [-76.29072164897336, 2.39711647562383], [-76.33536033217143, 2.387407162095221], [-76.35498103637279, 2.402567507668449], [-76.35529052132007, 2.342279368372557], [-76.3886166529957, 2.304305720753316], [-76.37376725023539, 2.279089391986413], [-76.40473178168963, 2.20054146110037], [-76.43595690866773, 2.181596426693214], [-76.42888273383998, 2.122457843381374], [-76.46743000266281, 2.100007628854506], [-76.48741747503843, 2.129060848034975], [-76.55338511706492, 2.13969180258749], [-76.590552575839, 2.107250716514549], [-76.57727863054755, 2.056538745609444], [-76.58606254078084, 2.034644092150002], [-76.57251300073847, 2.019737894207399], [-76.62466264670934, 1.97173943098314], [-76.61046455402273, 1.946727195309565], [-76.61928494199827, 1.926539777761145], [-76.57872337317315, 1.898732408641036], [-76.59030684033159, 1.868158245788296], [-76.53044834866482, 1.823537450369114], [-76.51128178957704, 1.833495490938402], [-76.435126213157, 1.791800324779467], [-76.41845625687205, 1.717099458193643], [-76.37190640592318, 1.74252189465444], [-76.37668635536484, 1.663938061307688], [-76.32559910083665, 1.663091669270563], [-76.30497981597716, 1.690024182185535], [-76.27233599727226, 1.674502505811801], [-76.24225436723036, 1.683091289101653], [-76.21155502575685, 1.640718520714855], [-76.20239677779566, 1.578651471110021], [-76.18312314427074, 1.57376881566791], [-76.16993718665697, 1.588062244944041], [-76.15204319510325, 1.562102143632214], [-76.14940688268794, 1.535923502388965], [-76.18378749235302, 1.488204290142243], [-76.1758813120733, 1.45083734836186], [-76.20116653605596, 1.42226958394079], [-76.20344641223762, 1.354134897625846], [-76.22300622553735, 1.337885635849605], [-76.21417668983933, 1.320368126435212], [-76.30314994327586, 1.236244581978748], [-76.28945474103162, 1.206021523185616], [-76.30272264303001, 1.176715719576987], [-76.28508151893358, 1.171229261403996], [-76.28045947827141, 1.137911212302554], [-76.26009265613646, 1.122491549722726], [-76.12357114566476, 1.100759035988291], [-76.10129148952372, 1.068459158896722], [-76.08085185494804, 1.065098094101922], [-76.09346608276684, 1.050242686205281], [-76.07490769923027, 1.028393810694094], [-76.12530236597837, 1.006601482385585], [-76.18370140911489, 1.026127637329032], [-76.1830803103408, 1.013219191852139], [-76.20328870695815, 1.017774101195937], [-76.2088159970479, 1.005360402175804], [-76.19059380592132, 0.993433482748842], [-76.23641736279866, 0.982041229025733], [-76.2356961981199, 0.964531991385444], [-76.27601534412597, 0.983689653940674], [-76.29486139182131, 0.961445877857352], [-76.32876953701279, 0.958028630353739], [-76.33513439803704, 0.980594310926631], [-76.37065511733327, 0.983903106588281], [-76.42564720629855, 0.96039346891748], [-76.49345571656382, 1.028179556610647], [-76.54496998632793, 1.037670643760075], [-76.56803913317735, 1.103399829988483], [-76.54896728480966, 1.123101102765476], [-76.53723426988886, 1.209197099313678], [-76.56570961245657, 1.238546235358854], [-76.58601648678989, 1.300631593880425], [-76.57096877995406, 1.328000152678561], [-76.58430603248391, 1.343552960739018], [-76.57401904617542, 1.385757942351598], [-76.64595957955707, 1.455542046237902], [-76.6766180640562, 1.466181463992049], [-76.69722120630317, 1.44398641757496], [-76.88664715191493, 1.371923693174007], [-76.92074429453841, 1.345688616887967], [-76.92892711776659, 1.500486126028703], [-76.85860744540345, 1.522467855901941], [-76.85753452580946, 1.56403858885001], [-76.83368053723238, 1.609739128234306], [-76.90208801367763, 1.662373317285389], [-76.93608470347287, 1.729002057050157], [-76.99833048300403, 1.707327185723691], [-77.02635402959113, 1.713969441648479], [-77.05685439185773, 1.699051988246812], [-77.07233418188632, 1.668956712718166], [-77.13755999528746, 1.654930830694724], [-77.15079958535082, 1.685644814375457], [-77.23897015254414, 1.657343415650377], [-77.33087997871422, 1.681512693216638], [-77.29469356345203, 1.765996766133875], [-77.31007294003156, 1.804204474817277], [-77.28918620985976, 1.849048003957712], [-77.2557474686727, 1.869695397391397], [-77.2454912003933, 1.911329828916207], [-77.21837534395704, 1.916973261571543], [-77.20315946995657, 1.952037598302921], [-77.22056992569142, 1.988187507895063], [-77.25931160947168, 1.994098612962661], [-77.33352773173638, 2.05136163885814], [-77.3078965502955, 2.106141488973625], [-77.31796126296781, 2.181920997745497], [-77.3077133019257, 2.195728690781929], [-77.35557983277648, 2.26032619016607], [-77.3856774725853, 2.255942413652742], [-77.45943429591739, 2.286177709652437], [-77.4790222581193, 2.273688084545805], [-77.47227354792597, 2.241319502593078], [-77.48794162169835, 2.195252600022725], [-77.55621210903065, 2.202519827290866], [-77.60362508222964, 2.164709609988131], [-77.6456203696031, 2.168544419726506], [-77.73376750267856, 2.134042233343611], [-77.78064287921329, 2.148378491671867], [-77.84875494940383, 2.191190941257122], [-77.84792213959253, 2.260593861718555], [-77.91754130407033, 2.411506798375389], [-77.92520131033676, 2.482009839587549], [-77.91479970781972, 2.569764481119487], [-77.9283381527739, 2.640404027182784], [-77.90642902379031, 2.645772207599479], [-77.90758079550709, 2.680433778222782], [-77.8731142603796, 2.697540823808338], [-77.84564969190527, 2.69151455172456], [-77.84250631612295, 2.703892021131351], [-77.80907913666196, 2.685002257221263], [-77.78645152792502, 2.692484772377243], [-77.7941332021928, 2.756081519676436], [-77.75062731637658, 2.764099504050639], [-77.73596150955424, 2.78754522428928], [-77.76413273993815, 2.796264758183359], [-77.71601475191696, 2.831228851409465], [-77.69231109047388, 2.913544848542237], [-77.67183208859709, 2.936349930602109], [-77.66665200273205, 2.984248612103318], [-77.68157598162487, 2.991610665311825], [-77.70202982768578, 2.97250597413421], [-77.6908031514965, 3.000754686818642], [-77.6534365446978, 3.064812998393156], [-77.62611876661974, 3.077627124174573], [-77.57320193335406, 3.144435245733622], [-77.54262110140242, 3.21367518075806], [-77.5049428654669, 3.187216765899249], [-77.49771077530023, 3.216449253075116], [-77.47200668731207, 3.211528572831965], [-77.47071315630183, 3.236963295172562], [-77.43032028917247, 3.254073178226023], [-77.38207953418286, 3.20338749572435], [-77.36583777776293, 3.146511867906306], [-77.34733587151825, 3.140084720280789], [-77.3171767609368, 3.174220741832176], [-77.27986551410125, 3.159373828649827], [-77.28844829795624, 3.138130374723118], [-77.2615872098683, 3.135143345929627], [-77.25232444051011, 3.115159639583253], [-77.24470335502367, 3.126311022370781], [-77.23410234333765, 3.108080018355358], [-77.15929896476615, 3.174311547302426], [-77.12964520212182, 3.161248339238327], [-77.08664358169167, 3.185793164771019], [-76.99675426261975, 3.154809286326409], [-76.97188179494282, 3.118785590982283], [-76.93905725340792, 3.113824534411421], [-76.91548259416285, 3.14946404543872], [-76.90804959894844, 3.201370375843027], [-76.80939152082779, 3.207540156334058], [-76.77291308154572, 3.233705681314642], [-76.73920540406745, 3.186136884902704], [-76.74979676561685, 3.14621775181181], [-76.73340928099933, 3.124887506754857], [-76.66499721519327, 3.098666206980278], [-76.62979485781297, 3.12841472186114], [-76.62404011519945, 3.101757898763291], [-76.59808871760251, 3.092088506183988], [-76.57286547379445, 3.12876808042841], [-76.55591889013655, 3.099491897237655], [-76.53085831881158, 3.123562925094118], [-76.51335909360722, 3.120764400351501], [-76.53266100905903, 3.135689744365248], [-76.51776143025772, 3.134485531796255], [-76.51976224330403, 3.149732443002667], [-76.5007663396084, 3.144011067818105], [-76.50780432806837, 3.157282195244487], [-76.48711522126287, 3.173837068627118], [-76.49815291408532, 3.203176846738982], [-76.4654378407793, 3.227501361222695], [-76.47734017568297, 3.232577199280424], [-76.46205459102791, 3.249216675900289], [-76.47557642354288, 3.257710378717515], [-76.45982971426825, 3.256307644149872], [-76.48718896871087, 3.282453878878708], [-76.47517003424296, 3.287656576704564], [-76.49418354301845, 3.29284739715586], [-76.4891449743614, 3.304962085143755], [-76.47743844929198, 3.294030958280599], [-76.47835459729536, 3.319253032390267], [-76.46847171922445, 3.310691141202933], [-76.45922083917449, 3.328723712245328]]]}}, {"type": "Feature", "properties": {"cod_dep": "20", "nombre": "Cesar"}, "geometry": {"type": "Polygon", "coordinates": [[[-73.45335459313301, 10.867652766442616], [-73.33754801258644, 10.862564453862362], [-73.31231864872137, 10.846152620449907], [-73.27994440000192, 10.856994297029907], [-73.2515375150104, 10.804298798560232], [-73.2778252362869, 10.726427661006731], [-73.23705809187747, 10.74044109795808], [-73.20773915851669, 10.707374291735494], [-73.15741840963497, 10.715542875671526], [-73.14614414422502, 10.691508366661287], [-73.10409213227805, 10.673862337109965], [-73.08219369163498, 10.629399482034447], [-73.09538140416086, 10.557751155101046], [-73.12337805599017, 10.527140932793646], [-73.13755127185694, 10.530335089405233], [-73.14487503133071, 10.499490021016184], [-73.16801456662105, 10.492200137450286], [-73.18167432714579, 10.466279090970755], [-73.14233075883718, 10.436776226128801], [-73.14431865413735, 10.39809429661621], [-73.08446821588902, 10.42633616044264], [-72.9867495888939, 10.400494218440022], [-72.90077659733788, 10.435558885059574], [-72.88576555596454, 10.384626944422232], [-72.90787638897129, 10.344275000200561], [-72.89683430488127, 10.218149410271614], [-72.92202996800773, 10.13780941727354], [-72.91081364346435, 10.112589310406529], [-72.95421801308501, 10.066014226906953], [-72.95231921495738, 10.027766645172612], [-72.99882500202027, 9.922897179762836], [-72.97644411873218, 9.889228246090473], [-72.99231414654332, 9.875809815798736], [-72.94518995490692, 9.837964500005473], [-73.05489674855265, 9.678385500092794], [-73.08474702797244, 9.556630412561123], [-73.14502429208626, 9.542665201413984], [-73.17674255330274, 9.50036150406845], [-73.1744739573937, 9.477281088542835], [-73.20343216746095, 9.469087719814071], [-73.18759390027499, 9.446143115224631], [-73.26097627901329, 9.370494699763979], [-73.26514146756911, 9.327186951809818], [-73.28833320454154, 9.314613764437047], [-73.33316503234478, 9.212936120281615], [-73.35665208351378, 9.215448918605626], [-73.37170120484672, 9.15810138469599], [-73.41165329838404, 9.154379651044367], [-73.42947251820097, 9.102410103702981], [-73.41193531629908, 9.052667526682393], [-73.43929552007982, 8.988961055347055], [-73.43739622190418, 8.910031512090734], [-73.42568450742324, 8.89956921879213], [-73.44825267805717, 8.863299079265538], [-73.41461794879085, 8.76602981661686], [-73.46268091470067, 8.745343121588352], [-73.47176622341847, 8.70745444408836], [-73.50502199985638, 8.688486366773189], [-73.52158612673595, 8.638261668189799], [-73.55218161315099, 8.607354638737073], [-73.54719751493715, 8.564321206228536], [-73.51499290036072, 8.528976118167686], [-73.55461102209092, 8.507029171582234], [-73.567521656343, 8.507771960882412], [-73.5682049845687, 8.506387098383266], [-73.57253955303229, 8.5070856249151], [-73.57565069475416, 8.506583556963218], [-73.57658017274954, 8.505703013299705], [-73.54770129618818, 8.471406183296358], [-73.52277299606159, 8.482929071726886], [-73.4776713266194, 8.470115002620972], [-73.47329328488676, 8.446829540894502], [-73.52999474428289, 8.380790581576873], [-73.48805208071931, 8.383977217041307], [-73.44180746632495, 8.34083901062782], [-73.43424164450705, 8.365376586314646], [-73.39316235431194, 8.382126308770083], [-73.41439877005938, 8.45925838494145], [-73.37035414915071, 8.459076244689498], [-73.34205511765138, 8.435568791681893], [-73.35067338390584, 8.331082009116841], [-73.37659124230194, 8.310519912663455], [-73.37417850341026, 8.266005730623052], [-73.44063379078304, 8.257243321927175], [-73.4293397648236, 8.224861130489206], [-73.44890370558075, 8.19251865691778], [-73.4280842618211, 8.180522133175662], [-73.42966420450387, 8.123275653203626], [-73.39655281254248, 8.121900016271773], [-73.39647941409903, 8.106255044873917], [-73.37583990217951, 8.100826165267096], [-73.36658823791272, 8.012237035783492], [-73.30993957625333, 8.015885995609], [-73.29779457230939, 7.984581536366017], [-73.27777420824565, 7.997783168871356], [-73.27846094123258, 7.936169153991551], [-73.30325487412543, 7.906140851638922], [-73.35178038756153, 7.892066289283189], [-73.35194921228482, 7.793099577948523], [-73.40781751047291, 7.719088846981784], [-73.49054753265764, 7.674350451360652], [-73.58815708729047, 7.741316682481048], [-73.76179435876777, 7.759976026324287], [-73.73747613513783, 7.784498192303803], [-73.75116788308128, 7.819740442716124], [-73.67077797171738, 7.903500483970203], [-73.67446368403778, 7.941697996705334], [-73.7235587980922, 7.967827265368496], [-73.72116892196536, 8.010589126693523], [-73.79142251671989, 8.102805375433709], [-73.7696124786059, 8.116511751940335], [-73.77955551778618, 8.208128715138985], [-73.75026665098221, 8.271879640303082], [-73.76032724132627, 8.299872526157282], [-73.7470141852704, 8.316492138277878], [-73.7576323590373, 8.334247861568857], [-73.7460043161354, 8.462057962744362], [-73.77430153364432, 8.4970546595891], [-73.77490443295956, 8.560550083605238], [-73.81795044266488, 8.63868342740315], [-73.81578653562276, 8.721261491165667], [-73.78927067732816, 8.749205324040538], [-73.79527715656505, 8.816771946763145], [-73.86003249012138, 8.87874169267926], [-73.87177904143014, 8.911694039199409], [-73.79770706965098, 9.057355374423064], [-73.87532567929001, 9.130541568655532], [-73.86662226135442, 9.182968076271033], [-73.89282930345105, 9.173587284443148], [-73.96203268160053, 9.187675888019603], [-73.9430262820616, 9.289936511579612], [-73.99169077192289, 9.324019726782826], [-73.9780947938484, 9.389381327059358], [-74.13915999020547, 9.493779959297362], [-74.03673942113322, 9.591322589721063], [-74.00396235906342, 9.595359783448597], [-73.98926109596138, 9.5798144300258], [-73.89339731931527, 9.61642946573228], [-73.86789294896023, 9.600995157062476], [-73.80326414873365, 9.636416577552795], [-73.81039765859991, 9.696457323313343], [-73.83901967463497, 9.731024289550358], [-73.82743345809668, 9.752937203206635], [-73.8417921170045, 9.79734287165139], [-73.89496343685595, 9.83209091790912], [-73.95266612843739, 9.926935129911639], [-74.00183122504383, 9.940197451905133], [-74.01175835324298, 9.976095316167887], [-74.08297558015504, 10.067102800337288], [-74.06730156894251, 10.098062857004429], [-74.0657292051525, 10.166521607164263], [-74.04071195316723, 10.220034310583383], [-73.96509244186258, 10.28810254060155], [-73.96132196255626, 10.336777424398383], [-73.91707781729433, 10.378419479987606], [-73.83052017232858, 10.402644614237813], [-73.81807377893, 10.385117052178767], [-73.77903070629183, 10.396173316333066], [-73.74071798269414, 10.435749347574296], [-73.70417396307145, 10.430109516978527], [-73.70331999698705, 10.463598682246829], [-73.65226327673822, 10.460454997237411], [-73.63983595200862, 10.500767710003041], [-73.56309699414824, 10.503811933924359], [-73.57047413198092, 10.541776798052627], [-73.6134295173722, 10.564226379111535], [-73.59594421996594, 10.585117931779177], [-73.59535981042042, 10.630946534200739], [-73.61688143962034, 10.644687932749735], [-73.59378547004843, 10.705264795678028], [-73.56313152785106, 10.715958865192322], [-73.56231565921519, 10.740852489185325], [-73.54190734212041, 10.754718292932232], [-73.5889943220028, 10.78170946542349], [-73.63866211867432, 10.787793090426755], [-73.63873618322302, 10.802147143870721], [-73.5845708320372, 10.842104871004409], [-73.45335459313301, 10.867652766442616]]]}}, {"type": "Feature", "properties": {"cod_dep": "23", "nombre": "Córdoba"}, "geometry": {"type": "Polygon", "coordinates": [[[-75.9230030981003, 9.447748100977051], [-75.88637271431774, 9.424113658898612], [-75.7939181085383, 9.429343173374821], [-75.7915058123094, 9.409866329546873], [-75.8239774231014, 9.416429688262113], [-75.83795162084134, 9.399248564257086], [-75.8282596427996, 9.393715686191197], [-75.78420338184638, 9.39299876159822], [-75.74575375092375, 9.421292290094875], [-75.7008471463012, 9.413410215884962], [-75.70440410327386, 9.372208407904264], [-75.67983268674938, 9.344594615009933], [-75.64882663422374, 9.362379297573678], [-75.59972095567188, 9.325432901027433], [-75.58766522127426, 9.30252713995383], [-75.60936712879763, 9.280988186028603], [-75.51230741998815, 9.258100528069981], [-75.50756956216163, 9.273349908311806], [-75.49657144398705, 9.285696682435782], [-75.49976909515414, 9.259515877671198], [-75.45733589404603, 9.237595010296506], [-75.46620361119389, 9.208508822407996], [-75.4544167534116, 9.17601050335895], [-75.46740127378618, 9.164747777053671], [-75.44885677511392, 9.14008069498466], [-75.39087860173926, 9.16125859389112], [-75.38168889564227, 9.138074361368098], [-75.31007915913906, 9.117559545380669], [-75.3099748316723, 9.088795344910878], [-75.29356596328864, 9.096201572428754], [-75.29912655193299, 9.082513645214517], [-75.28108526613318, 9.072898987015257], [-75.22369869898516, 9.072729529582176], [-75.18783417695539, 8.967480017909363], [-75.1561085149836, 8.94359735094485], [-75.1717492256176, 8.928278261164747], [-75.18797468910856, 8.944173647912693], [-75.18634496705985, 8.914250151108119], [-75.21761676905686, 8.915399987266868], [-75.24464619855607, 8.882265813963928], [-75.27268860432015, 8.913643315430948], [-75.2931823510922, 8.897345426565524], [-75.29976252732988, 8.857992820731544], [-75.33163243086398, 8.86554061469796], [-75.37161046623504, 8.826524066272928], [-75.368845141773, 8.791225194074666], [-75.32418662957389, 8.755530957834752], [-75.34317282044114, 8.715190098929801], [-75.33635494764191, 8.695962737198593], [-75.34911049590617, 8.70074879264002], [-75.35961558194786, 8.67969686311375], [-75.31834414825164, 8.590370118666092], [-75.33031863117581, 8.552782319704294], [-75.30431116988998, 8.517750176098852], [-75.31436382464064, 8.50237304025409], [-75.24140008479533, 8.48728176783655], [-75.2319408849953, 8.467925245170093], [-75.21629346869682, 8.485366482666151], [-75.1924541059571, 8.443412803307378], [-75.2113973304267, 8.425335694741403], [-75.18513926504328, 8.396640496402986], [-75.15653536806002, 8.433321502547852], [-75.13620608894476, 8.429929830153975], [-75.12804612495093, 8.46828291772457], [-75.04087306029433, 8.458474824741025], [-75.03348733720638, 8.49891939364155], [-75.00572085690717, 8.522802905880821], [-74.92599403278348, 8.499607673852548], [-74.92745177857401, 8.453343680034978], [-74.89976758245467, 8.454291221444638], [-74.85227455410559, 8.384710585020606], [-74.80553387689646, 8.382574985947025], [-74.80373704059805, 8.368808708833924], [-74.82802366225246, 8.359747600119888], [-74.79555674134342, 8.328202448643045], [-74.80055738770787, 8.296213873135406], [-74.78094539276763, 8.277881790654495], [-74.80876705886075, 8.274273170910377], [-74.79492069934508, 8.246560181975886], [-74.83297588859524, 8.222994518151573], [-74.83058344620719, 8.199945329434502], [-74.86787587832191, 8.196067861730894], [-74.86711042640908, 8.159158406862879], [-74.92792783811285, 8.074597632229072], [-74.96835927821976, 8.090578644658716], [-75.04740590841888, 8.042404003317875], [-75.09299764817057, 8.070596874157001], [-75.12550815435208, 8.040137066238756], [-75.133544067061, 8.053926693301534], [-75.18765586925461, 8.044288644063089], [-75.2267615491854, 8.062976714404485], [-75.24705961432703, 8.042105460932405], [-75.2433386124413, 8.008969411764602], [-75.30928456983638, 7.947435993016645], [-75.33671572624715, 7.94810017239291], [-75.32914599825318, 7.926935501320425], [-75.34675432491476, 7.87496756612419], [-75.40434810295665, 7.857527887650568], [-75.42243627067108, 7.819389262791051], [-75.46556988800465, 7.827691737332078], [-75.45434692140454, 7.797536647810767], [-75.48861784328828, 7.729528539398069], [-75.5337358442762, 7.723015406206891], [-75.5529785319914, 7.627342118448579], [-75.60144439934223, 7.602151267734905], [-75.60518048310179, 7.58551719775882], [-75.67129619015014, 7.597969970024747], [-75.71186875781854, 7.581286821678596], [-75.74307770930025, 7.612216881991544], [-75.76525372292332, 7.601943785264613], [-75.787779238301, 7.459836914307158], [-75.82508112468834, 7.442187750747743], [-75.81765888156278, 7.415823578801451], [-75.84549601454295, 7.347087268220046], [-76.38393382513847, 7.392293843763723], [-76.41628621024203, 7.418504611441724], [-76.45254228176285, 7.501125871403297], [-76.51453012825662, 7.586664649121394], [-76.48556311671483, 7.689319447035193], [-76.49663120471256, 7.749715600425342], [-76.48349734226213, 7.758035069780696], [-76.4635398565593, 7.873088240650837], [-76.42111738510508, 7.911825226658394], [-76.41157371106789, 8.006952016609322], [-76.42764859612528, 8.019794602401456], [-76.42497153839021, 8.074293808756615], [-76.40872379760833, 8.073925120829353], [-76.40852664257679, 8.099717149557101], [-76.37485222608683, 8.11154444608451], [-76.36815124278195, 8.152946083932905], [-76.33114775853173, 8.15145939067349], [-76.35335616135828, 8.194239020650576], [-76.30327582330831, 8.2845222069107], [-76.30343039782707, 8.31117906156742], [-76.24287729326971, 8.369986244744704], [-76.18044527407932, 8.397311059596714], [-76.21866846293251, 8.443560472370704], [-76.20999637012869, 8.522922530662475], [-76.23680259224504, 8.554440042947396], [-76.22281107105047, 8.573270137997342], [-76.26544227251205, 8.58419024979536], [-76.25071510627535, 8.610307218729764], [-76.26605742699725, 8.638807095973831], [-76.31400316981227, 8.656489663911225], [-76.34562620609769, 8.639821541168773], [-76.36788788370306, 8.720674675123947], [-76.41956591351635, 8.754994155663866], [-76.38116683476633, 8.794208980082376], [-76.4166658900082, 8.888039909288315], [-76.33830882602653, 8.919862545084355], [-76.32283008020804, 8.9569674798147], [-76.26435046887589, 8.998536171997111], [-76.25115086696893, 9.057887853702322], [-76.18682206697713, 9.119162011656128], [-76.17022355783084, 9.229699369083443], [-76.10728894836646, 9.266202369411603], [-76.10993499672898, 9.304379122649975], [-76.08532481211395, 9.334970936392033], [-75.97807900661728, 9.37641375920207], [-75.95740314395627, 9.40011127157303], [-75.96663366866554, 9.423932272332605], [-75.9230030981003, 9.447748100977051]]]}}, {"type": "Feature", "properties": {"cod_dep": "25", "nombre": "Cundinamarca"}, "geometry": {"type": "Polygon", "coordinates": [[[-74.34523250337664, 5.83204574102117], [-74.31684595418236, 5.797007956797408], [-74.30102451199114, 5.797659871884486], [-74.31298310520994, 5.782246934251449], [-74.28716685772456, 5.746492562982127], [-74.30415803872903, 5.709668717198598], [-74.27597746476992, 5.692185245678013], [-74.31495709969707, 5.620507805189706], [-74.29777524369445, 5.57496836113232], [-74.24290769328832, 5.544707797342422], [-74.25641847738065, 5.499838486423361], [-74.24451852316494, 5.476295111671809], [-74.20370852988815, 5.497782748948755], [-74.18238713233667, 5.463738198264871], [-74.12547328606139, 5.428969887121278], [-74.11729757867896, 5.472976496328225], [-74.09693180944103, 5.470635295082064], [-74.09757912673737, 5.439861205258847], [-74.07547797698908, 5.410058241040168], [-74.02227788206058, 5.386888338337623], [-74.02184647659274, 5.366582488701597], [-73.99909870987001, 5.367490144113892], [-73.97296898738577, 5.419355171111142], [-73.94797328104576, 5.417556347993065], [-73.94217901383844, 5.434081863703456], [-73.91251709777397, 5.432232338308878], [-73.90120069003504, 5.447743071682153], [-73.9078170743547, 5.527126432067318], [-73.88987068160009, 5.512416276588231], [-73.80467054466541, 5.571397783222745], [-73.7688310432562, 5.486596282739282], [-73.74707680723266, 5.489626504394706], [-73.74316181141003, 5.468552078724162], [-73.7202456199766, 5.478070575280868], [-73.71953141814552, 5.458814274206322], [-73.69627674006117, 5.446636038128705], [-73.67671817121551, 5.459455870372365], [-73.67842962413732, 5.434323504862133], [-73.59272405563786, 5.398848536179713], [-73.59936607840949, 5.318812744596288], [-73.53418075408946, 5.282298948673888], [-73.51479130262409, 5.232694448658192], [-73.52454293061503, 5.214020199760712], [-73.51194094297303, 5.162297358137485], [-73.47720362562434, 5.148094482549936], [-73.49453516598761, 5.106353609660524], [-73.47985807414665, 5.063143964442135], [-73.5224036122953, 5.02922352372999], [-73.50699497497946, 4.99635771776825], [-73.54467951600024, 4.944186177100597], [-73.53867728870004, 4.896568796747615], [-73.52087070213773, 4.878956317836644], [-73.46961638378214, 4.892720183451629], [-73.40200349080854, 4.879933499422564], [-73.36516400782926, 4.824769350308243], [-73.37183644358036, 4.800823427301094], [-73.32085050978837, 4.779294445447308], [-73.30629710307367, 4.731387551613319], [-73.22234461259248, 4.732578234894107], [-73.23465594697545, 4.695153026649428], [-73.22094721959688, 4.676782010873413], [-73.1490258909831, 4.655244906076277], [-73.12168766607614, 4.671559260241803], [-73.10569753292089, 4.659791332320199], [-73.0718478215993, 4.73918813516715], [-73.05255695699047, 4.736324803959077], [-73.13699564796305, 4.212838750643893], [-73.20354405211305, 4.273255155795684], [-73.35364488617851, 4.321194294821518], [-73.43028618718608, 4.306381422861553], [-73.47168004994639, 4.276241626167201], [-73.55014932300452, 4.307541795962554], [-73.5725700366059, 4.419912064963215], [-73.60336908916979, 4.456681753811998], [-73.56797551071658, 4.526499607753586], [-73.62227549830259, 4.562361094410275], [-73.71373876703163, 4.515097991116768], [-73.73866420559614, 4.486011867345115], [-73.73833067059597, 4.460570453619005], [-73.78328477357796, 4.448285978130835], [-73.80695655208721, 4.422154948707639], [-73.7843455456162, 4.301695678194115], [-73.74406458563395, 4.266175206671204], [-73.7603318540149, 4.236398265288598], [-73.74282016228324, 4.197760350641854], [-73.80935822063022, 4.203921261873172], [-73.82589326624269, 4.168337784575648], [-73.8608917288365, 4.171832659897789], [-73.89582543169598, 4.142640837244326], [-73.93307902926907, 4.149235958862278], [-73.96007498782792, 4.095520092884649], [-74.00593453863641, 4.109766207622648], [-74.03588691792683, 4.082380548410137], [-74.03488802006738, 4.060840244734575], [-74.07069700123185, 4.057704231274096], [-74.12349035223971, 4.001268890136588], [-74.16025853600257, 4.017847855801993], [-74.21738298232657, 4.010896177037768], [-74.26014055932703, 3.948251979808581], [-74.25642580295136, 3.927865628852755], [-74.31704603110832, 3.880753320327437], [-74.29661663457992, 3.818903847307905], [-74.32723803427375, 3.826672368324568], [-74.39389302916037, 3.769914572929014], [-74.38715890732925, 3.75270231176908], [-74.40156384880731, 3.737422218400896], [-74.45039399279298, 3.730129004220021], [-74.46350979120668, 3.742082573191874], [-74.45023019568757, 3.818993830928252], [-74.49020481487277, 3.817613010287236], [-74.53945977525893, 3.844774946010717], [-74.51125657924044, 3.946075540210642], [-74.53111440801972, 3.967602505419016], [-74.52975594427997, 4.04481036356963], [-74.47485337114122, 4.127918986844678], [-74.51885728299546, 4.240493218250572], [-74.56253002260506, 4.272129583394055], [-74.58854248288728, 4.267410675197575], [-74.61986229636365, 4.251868865320144], [-74.62452233062966, 4.22487462263322], [-74.65257673364684, 4.199561872102795], [-74.65947724160507, 4.21579101292671], [-74.68125929526335, 4.200886652258854], [-74.73409565205104, 4.247765500584688], [-74.74603910877504, 4.236826129371702], [-74.75121614081199, 4.258979298130134], [-74.76678804924286, 4.25119561391359], [-74.77944547161039, 4.283733412669345], [-74.81294372310741, 4.294094583112382], [-74.87709731908504, 4.265383331663744], [-74.89062890500247, 4.288733991922553], [-74.87308988838817, 4.306619973787964], [-74.8834814524209, 4.316994190292605], [-74.85582000716323, 4.334745323386897], [-74.8327494778266, 4.443616194779924], [-74.80731377915018, 4.453294472341231], [-74.78629374618085, 4.505935630983461], [-74.81494648103445, 4.58519170455792], [-74.79377694981318, 4.592081892691149], [-74.81630713732396, 4.611873898987136], [-74.78595081138523, 4.65352769323746], [-74.80720370692194, 4.669448788608808], [-74.80142603959239, 4.701718261844187], [-74.8191027277799, 4.725983841696114], [-74.74377632167091, 4.788256316186731], [-74.74437493685853, 4.82340395999489], [-74.76950798603565, 4.8429172359391], [-74.75492513861413, 4.885939931115553], [-74.73166516800869, 4.893990191401869], [-74.74876966696974, 4.957700821101301], [-74.70594330819917, 4.981370212365249], [-74.74320665684675, 5.00707704129263], [-74.71651731277666, 5.100709074313427], [-74.73188726283614, 5.143166312065365], [-74.71437376131516, 5.181701728570843], [-74.73451143813267, 5.205506392794], [-74.72335653803361, 5.239851579835589], [-74.73427576101992, 5.286864727264599], [-74.70107721956904, 5.353180184754828], [-74.70661057569436, 5.37096868382205], [-74.68508834828096, 5.36718533329113], [-74.6848385086071, 5.400236048864721], [-74.66669332004105, 5.405912861449217], [-74.67640012162167, 5.438085982569918], [-74.6504938792587, 5.444354448332537], [-74.67457259658778, 5.514650657613005], [-74.64101453907438, 5.540218213196195], [-74.65305136400696, 5.574720973664275], [-74.62851241417309, 5.631736638356503], [-74.62745596018507, 5.696037734694158], [-74.6519589560123, 5.709524041052615], [-74.66102470038332, 5.752378122856076], [-74.64291957192513, 5.735407752754298], [-74.62708056110257, 5.76245607927943], [-74.59737060664057, 5.743395920550094], [-74.5163917898199, 5.791422759063857], [-74.43091355319692, 5.758013705324109], [-74.38469338164107, 5.784391721936553], [-74.34523250337664, 5.83204574102117]], [[-74.00909252426322, 4.82051217581574], [-74.08670057778252, 4.832435594865229], [-74.07964036474975, 4.808956867108343], [-74.1129480790409, 4.790133286559296], [-74.12637131080399, 4.729356417682209], [-74.15811679823432, 4.725294351263183], [-74.15551229973624, 4.708544624766742], [-74.17685420638887, 4.702778792040361], [-74.1583466972385, 4.662995168964917], [-74.22141325077163, 4.644353944113714], [-74.2216026398357, 4.618733593337762], [-74.18334076707411, 4.595468513615865], [-74.17363220458996, 4.540889953413195], [-74.18773380769792, 4.529172264593996], [-74.1780731123633, 4.48633213152098], [-74.2179578422271, 4.360812533081171], [-74.22188456005607, 4.282058169332569], [-74.20552942619946, 4.268892234870839], [-74.20426914142244, 4.239706635858211], [-74.23175961473112, 4.216688179900529], [-74.24564163506344, 4.103247641821596], [-74.2656527271371, 4.091665982175704], [-74.3298866091617, 4.130540257406704], [-74.37458192013766, 3.985874754055999], [-74.35689156155027, 3.9709803271774], [-74.35955724277115, 3.913744737150121], [-74.3952688176107, 3.823803951353022], [-74.45067485798708, 3.749864188331677], [-74.43958716012882, 3.730633098019785], [-74.40156384880731, 3.737422218400896], [-74.38715890732925, 3.75270231176908], [-74.39389302916037, 3.769914572929014], [-74.33562582988274, 3.821664899099398], [-74.29661663457992, 3.818903847307905], [-74.31675894713038, 3.881282312149427], [-74.29752175726043, 3.883284767970278], [-74.2735871658697, 3.92490456585309], [-74.25642580295136, 3.927865628852755], [-74.26014055932703, 3.948251979808581], [-74.21738298232657, 4.010896177037768], [-74.16025853600257, 4.017847855801993], [-74.15067459810228, 4.00484907343838], [-74.126933932715, 4.048447560071359], [-74.13059217109564, 4.115985793740769], [-74.10959005295365, 4.132493363190612], [-74.11004852362257, 4.181912748316257], [-74.1233207571671, 4.181093072790657], [-74.15271100962207, 4.254555421894791], [-74.0982252114079, 4.345619248044401], [-74.09619654363931, 4.379441171776817], [-74.11421422316691, 4.385237801590177], [-74.11689786670051, 4.404838777131997], [-74.10938862076652, 4.442425200063492], [-74.07590071896163, 4.463157374955535], [-74.07255042674609, 4.513124279810682], [-74.04227898160121, 4.512402259954671], [-74.02959781824843, 4.557873900448129], [-74.00534559460472, 4.560592182299546], [-73.98612579389112, 4.629074973011678], [-74.00739037776017, 4.625482863932356], [-74.03155756002378, 4.645786020003881], [-74.00200611412102, 4.674608249858309], [-74.01884357365469, 4.763665591917752], [-74.0003068819604, 4.805529783089548], [-74.00909252426322, 4.82051217581574]]]}}, {"type": "Feature", "properties": {"cod_dep": "27", "nombre": "Chocó"}, "geometry": {"type": "Polygon", "coordinates": [[[-77.36821215297509, 8.677372612172606], [-77.35705232242674, 8.673605446843963], [-77.36547085587424, 8.65619730956271], [-77.34453159836734, 8.646393929640752], [-77.34257092285945, 8.624864570238351], [-77.28819167238368, 8.57513192857943], [-77.2750168344458, 8.506561137166878], [-77.24889639288486, 8.47204950218938], [-77.13074053760411, 8.411905375406594], [-77.04023599985204, 8.256591395323092], [-76.98018975190969, 8.255281793729965], [-76.94933258616025, 8.17233684131333], [-76.95559982099755, 8.122733718963042], [-76.93907106555677, 8.062839622990783], [-76.99565464773599, 8.021151466249734], [-77.0000804461001, 7.958428873763507], [-77.02142421067585, 7.948792057157569], [-77.01231087449777, 7.933825247751872], [-77.03139415279239, 7.880097018989699], [-77.09520831608847, 7.825067171213744], [-77.1260195457142, 7.830236840710362], [-77.12213925302186, 7.78801584585877], [-76.96037383018913, 7.640718707355424], [-76.94295760280579, 7.588860167352191], [-76.8011607704579, 7.572092594294102], [-76.66069908354719, 7.448136989272903], [-76.61789459428677, 7.315214780132909], [-76.57870957128115, 7.304746573018204], [-76.56344519494849, 7.274355904137357], [-76.53026188691541, 7.25526383525136], [-76.48534537172823, 7.136040206931829], [-76.50807135910512, 7.13926817191529], [-76.54781057551503, 7.001996049750156], [-76.57032588270353, 6.980162650779106], [-76.59293738161291, 7.011625604649566], [-76.60318535827057, 7.000489474052373], [-76.6156077996937, 7.016789560036046], [-76.64548733417956, 7.00836091668636], [-76.67556801678884, 7.029853725301124], [-76.82477514161123, 7.005457573344726], [-76.84252066442596, 6.988321922597143], [-76.8190222407733, 6.975734912190319], [-76.82845989173205, 6.955526491224275], [-76.81338292708257, 6.963514637364565], [-76.80009403675423, 6.948564633235649], [-76.79241933865111, 6.866231404616015], [-76.83055740702498, 6.858589209092307], [-76.81793948742654, 6.837682636816162], [-76.83528532514732, 6.828684087959377], [-76.87810984978609, 6.85210782772225], [-76.8998876000638, 6.829041598123553], [-76.91657834118735, 6.845472007610927], [-76.93352719725438, 6.811847695282082], [-76.97230885108779, 6.809019358834568], [-76.95785013021208, 6.792514987309668], [-76.96716388664899, 6.743130709604374], [-76.93364812086907, 6.71091879442224], [-76.96353300243175, 6.679660564790937], [-76.93896789704195, 6.686344162605851], [-76.92484729581142, 6.646898271253193], [-76.89808311899395, 6.668218243566991], [-76.90902863850823, 6.629385438448031], [-76.85799396017822, 6.618439916903599], [-76.88970741602172, 6.605267222427649], [-76.89451679412684, 6.570152704173358], [-76.88298963375748, 6.559968933802102], [-76.86392214905104, 6.571496094594052], [-76.84110135597832, 6.521451173173237], [-76.81935671971065, 6.525476530382001], [-76.81998877953563, 6.487249712613487], [-76.80036517676741, 6.507960545090896], [-76.767432972961, 6.476620883201057], [-76.79583421956188, 6.443651070342396], [-76.76177937430806, 6.432153514417843], [-76.79570096965693, 6.417572178029883], [-76.76507437003197, 6.389292349984373], [-76.78737541066648, 6.377900222132056], [-76.77135614682997, 6.364238455838611], [-76.79017219262688, 6.346549908180813], [-76.77766720990175, 6.328773506402487], [-76.7903039782815, 6.322272085288508], [-76.7833927454859, 6.29119481828181], [-76.74935693606385, 6.280173155441659], [-76.75927452975704, 6.257425505832842], [-76.72306865101625, 6.236981178389151], [-76.71995288147322, 6.176256049576348], [-76.68768271955534, 6.16156882195276], [-76.58351411302944, 6.193451432564435], [-76.48228665549843, 6.160549692582871], [-76.4686779423183, 6.176573804181711], [-76.41987194276076, 6.165732955575359], [-76.38981234714501, 6.191494803723797], [-76.23767364255151, 6.208345312014593], [-76.20120759290262, 6.160302316668869], [-76.1969565236498, 6.080175258836353], [-76.1726515804071, 6.017391196072067], [-76.1438207263039, 5.997631204671943], [-76.10485258099372, 6.018401827153428], [-76.05100398799661, 5.950832231339921], [-76.0604902687679, 5.88634412574743], [-76.0815708899298, 5.882772820944822], [-76.0990244022599, 5.849198834308455], [-76.0709443818741, 5.780652077971183], [-76.08110587728346, 5.767021607938969], [-76.06118167631449, 5.757955675998067], [-76.08695399066349, 5.688642279340239], [-76.00515047338632, 5.621918150699083], [-76.0069712408224, 5.573817705942086], [-76.07478584315956, 5.546602500399735], [-76.08533526306934, 5.449751096410403], [-76.15247631915305, 5.407566734243335], [-76.17797806876524, 5.401276988257794], [-76.19121719702414, 5.414584253368051], [-76.21142656876756, 5.348616175709354], [-76.1736181759238, 5.260251416975835], [-76.14202305299129, 5.233378447695932], [-76.1324869333282, 5.183449258263747], [-76.06042059569758, 5.135854558134103], [-76.07651919878847, 5.048031075345182], [-76.09681678863674, 5.031767692673377], [-76.08869594821122, 4.946136609166206], [-76.09968353990521, 4.917179196775831], [-76.13059655562424, 4.911196500938766], [-76.11414051805122, 4.890401918971913], [-76.14054478606174, 4.84018186785879], [-76.21266894822175, 4.828868902830027], [-76.31210694277445, 4.750618884009173], [-76.28568988194368, 4.712403821373717], [-76.31936076218072, 4.607949755689649], [-76.34461625282071, 4.561772771648123], [-76.3812725200838, 4.559631297103387], [-76.40375935578155, 4.534967258998916], [-76.36524926309612, 4.49162746683044], [-76.38296956508891, 4.492769429650567], [-76.41831526237281, 4.447818701674233], [-76.48213354694657, 4.414071981043219], [-76.5551262181582, 4.399357290751279], [-76.56201886480916, 4.369734354295232], [-76.52792248147414, 4.323538175579117], [-76.52663543010387, 4.288619924132067], [-76.48710820609823, 4.235532126067135], [-76.45501005706245, 4.229461956387043], [-76.44487675585033, 4.175693045412472], [-76.49441532149362, 4.069537958807398], [-76.52441735509022, 4.067284281958035], [-76.54152550004021, 4.043732605332199], [-76.5372731276644, 4.016208780394319], [-76.59027470745902, 3.970106127225314], [-76.5894062068937, 3.994055398896591], [-76.62457012772292, 4.014874453154159], [-76.68241933450587, 3.964883212625701], [-76.76766947298604, 3.988654025912182], [-76.79419543541044, 4.011379980706143], [-76.81531883078036, 4.007013071587838], [-76.82344577253487, 4.032658315878049], [-76.867439713124, 4.032366970380225], [-76.91474525622351, 4.097745228035047], [-76.95443445724106, 4.120651839079937], [-76.99499831836657, 4.120390097217137], [-77.00475410900994, 4.098855975372963], [-77.03557288770557, 4.091298805961292], [-77.06798114708688, 4.096010139130262], [-77.08618870017199, 4.122609050587346], [-77.10483301840743, 4.107731263283332], [-77.15956531530931, 4.183728670274021], [-77.2231827336273, 4.15720222922568], [-77.24988028571663, 4.187718815206432], [-77.25348516997309, 4.2341539986992], [-77.27911196434039, 4.222661200136751], [-77.30545259755864, 4.16648212634097], [-77.3529530789903, 4.197473054405503], [-77.39032846287998, 4.148491848560027], [-77.43580591028349, 4.14578521372385], [-77.42890547356379, 4.093080151404749], [-77.4496215931384, 4.038513453037711], [-77.52549730821434, 4.126376369832458], [-77.53133280013978, 4.20069034490539], [-77.51665858457731, 4.27622788220883], [-77.4838429742365, 4.293163320782512], [-77.50033103358926, 4.263474723346429], [-77.48532726793196, 4.258468694160726], [-77.41410502368095, 4.292872460748729], [-77.45617247868341, 4.313062446778434], [-77.42610572155473, 4.319446046560952], [-77.38750238303444, 4.371484155753592], [-77.36678313063543, 4.37010859246652], [-77.37008141701868, 4.38445631339483], [-77.36564926006656, 4.393957123346298], [-77.36540420491184, 4.398238375185961], [-77.3671340033057, 4.399809608429151], [-77.36769618898145, 4.403153885127483], [-77.36733581405825, 4.404941344117597], [-77.3660672942171, 4.407636948002087], [-77.33764093735813, 4.429340512777091], [-77.351522570489, 4.421826700822046], [-77.33992839504775, 4.5120534441718], [-77.32274309437075, 4.52261456791669], [-77.33622896895785, 4.536033309246961], [-77.32819087294536, 4.739715627721617], [-77.29988737704069, 4.747071187878819], [-77.30908237787428, 4.781969542780542], [-77.34843002598325, 4.77171774023182], [-77.32960864843253, 4.797952988957115], [-77.34795576777803, 4.808409031796958], [-77.37617694770583, 4.947913469891905], [-77.38408935693876, 5.152097254578424], [-77.39718458971382, 5.169016161624375], [-77.38784527779418, 5.288284649074353], [-77.41328943037632, 5.403425954974425], [-77.38742913022489, 5.391760927068499], [-77.389843357066, 5.443601597870596], [-77.40763225447917, 5.453970991621122], [-77.42826764187784, 5.437175012904689], [-77.42988862889625, 5.4683524822259], [-77.45400524618918, 5.48874011786489], [-77.49252828471326, 5.468626106340426], [-77.53947364454635, 5.487234332576092], [-77.50729016695497, 5.528689503137112], [-77.48977550546358, 5.607404111602823], [-77.45978872672299, 5.596551453743364], [-77.41437971160033, 5.630252800958859], [-77.38928367439438, 5.629999651840686], [-77.37113252352123, 5.608308287163411], [-77.34185772297138, 5.617330939718093], [-77.31674741857896, 5.669115180090325], [-77.29978274553216, 5.669388592693628], [-77.2637442094759, 5.715907989975135], [-77.25586728994445, 5.783506283692287], [-77.2476518580147, 5.76703636115276], [-77.24335535592014, 5.767466011983627], [-77.24126894829539, 5.78696789806031], [-77.24860229588636, 5.810540070366129], [-77.25218596860553, 5.788696264190609], [-77.27651979235999, 5.846142444785523], [-77.29052248312438, 5.84332042495903], [-77.29450651184021, 5.873561940219957], [-77.30696636652523, 5.873600999894605], [-77.30676673162657, 5.919222216021494], [-77.35153409149726, 6.045948925150803], [-77.3637221731121, 6.059150065262767], [-77.35258892961613, 5.998878073844205], [-77.36359358166843, 5.99897500759019], [-77.37304796073326, 6.044129064573868], [-77.44487704319171, 6.119356346877932], [-77.4827432975632, 6.192152366895638], [-77.4680208196974, 6.248912292022788], [-77.47420363351982, 6.297279349041345], [-77.45829170756845, 6.272083919685864], [-77.43406176190017, 6.270134381216235], [-77.4090953238885, 6.2277861289583], [-77.39526909200553, 6.235562613803757], [-77.36977658865071, 6.35505987857399], [-77.41287061596721, 6.381146525597999], [-77.3556842292172, 6.398896584625509], [-77.3762097923011, 6.425034930413264], [-77.32528626100071, 6.549342423397432], [-77.4002824363653, 6.620775444819992], [-77.40574457852615, 6.687075930597017], [-77.47229399125796, 6.704284362633742], [-77.50563185122722, 6.684251820093611], [-77.50434318771815, 6.651180012122355], [-77.51813423776736, 6.660852024126148], [-77.52662536277644, 6.648002869022048], [-77.54061322597897, 6.68652221206982], [-77.53098339101253, 6.694746232427296], [-77.58737064768576, 6.819006258327945], [-77.65736619742945, 6.854395904764506], [-77.66683436485225, 6.875620203016541], [-77.68457926911057, 6.870727966126974], [-77.68949259469915, 6.835333047084443], [-77.70201841060343, 6.842239117849673], [-77.71187877345669, 6.884197045136069], [-77.69859381764086, 6.939305009061687], [-77.6622534883473, 6.952294746272067], [-77.65869108572588, 6.994856979866966], [-77.77880968374413, 7.133276769586405], [-77.82169473396604, 7.147755007403786], [-77.83569444605818, 7.178431907327397], [-77.85498180251878, 7.180587719831694], [-77.8837763005824, 7.216985060667887], [-77.81946192118488, 7.473305593406738], [-77.81026252145776, 7.453293547700978], [-77.8013786438497, 7.466735358810167], [-77.76066305810299, 7.46019820509167], [-77.70066717567309, 7.506407564786619], [-77.74845644602986, 7.613481512060459], [-77.72907072899285, 7.695508631143985], [-77.69754724884255, 7.693047213844249], [-77.64580937173493, 7.651746631488048], [-77.6066850386871, 7.540640042959908], [-77.56342022014523, 7.507363527657438], [-77.52447169598888, 7.571816850437308], [-77.48918669573482, 7.56955723484401], [-77.47012075477942, 7.651518683064489], [-77.44362741842389, 7.656618679198428], [-77.39112457709722, 7.759996103749601], [-77.33938602431209, 7.765981385884579], [-77.36855337349624, 7.828368994039693], [-77.33728111300348, 7.856865701545416], [-77.32466327552554, 7.895962167114374], [-77.25637793444628, 7.919994795393599], [-77.1761181293279, 7.916899281405552], [-77.15858084799477, 7.932308739119962], [-77.1820285754471, 7.955132396213078], [-77.16569375918594, 7.974315343564681], [-77.23364459015156, 8.024987053123937], [-77.21749400418183, 8.087904292324597], [-77.22693023099716, 8.136881014765237], [-77.25721849477779, 8.157917794325], [-77.24781655558155, 8.174668124442121], [-77.26062532867785, 8.210257531549429], [-77.28051205235965, 8.217268892170928], [-77.29862731843276, 8.28038138470566], [-77.33278831783568, 8.273384666069585], [-77.35036734604823, 8.29753406456631], [-77.35885347074678, 8.400993136573462], [-77.40183608723821, 8.476468102721213], [-77.44795178898308, 8.473365108570402], [-77.45724788846589, 8.509205138551067], [-77.4405831193193, 8.52275952514711], [-77.43851335030001, 8.560248936073824], [-77.40958568530657, 8.566358415298565], [-77.418140353666, 8.588219209742848], [-77.39049760437545, 8.58482819470678], [-77.4084586104759, 8.645303833168686], [-77.36475778360818, 8.641144502063726], [-77.36821215297509, 8.677372612172606]]]}}, {"type": "Feature", "properties": {"cod_dep": "41", "nombre": "Huila"}, "geometry": {"type": "Polygon", "coordinates": [[[-74.53474408158937, 3.843206595260177], [-74.49020481487277, 3.817613010287236], [-74.45023019568757, 3.818993830928252], [-74.46344641465753, 3.740900747692289], [-74.44212449325985, 3.730230015588837], [-74.417793402677, 3.741963184145], [-74.41303179284421, 3.724728136775188], [-74.46104511858366, 3.667201202361062], [-74.50286305177039, 3.646277595699741], [-74.53739291655569, 3.55979248123336], [-74.56648146390502, 3.522414664640113], [-74.5906650742344, 3.527326597940765], [-74.63053112609245, 3.471301439754581], [-74.60566752581884, 3.414141550757899], [-74.6398432801668, 3.368367133237697], [-74.61786774811722, 3.330514471971318], [-74.61632758890617, 3.287795270586693], [-74.65657649241139, 3.247590198658813], [-74.6732582361789, 3.186348156327818], [-74.71302240234968, 3.169957560405951], [-74.78777999293325, 3.060418856810394], [-74.81596300468566, 3.053028312332277], [-74.86904829629741, 2.973631383149596], [-74.90101355270765, 2.962735495341445], [-74.9110339459748, 2.931601381406507], [-74.9889553838405, 2.8580048057207], [-75.07034433512175, 2.74214632095994], [-75.14709710479353, 2.722003297799717], [-75.15409344764103, 2.70412376068263], [-75.13333209522251, 2.691488890794099], [-75.15552010697824, 2.645046836680425], [-75.13269170241091, 2.595151386630947], [-75.15413153919745, 2.581194712601179], [-75.18055808991664, 2.507708338411469], [-75.22710328279396, 2.511670358330368], [-75.25058991972406, 2.444454096821738], [-75.27954463784695, 2.42271247231302], [-75.31014718684929, 2.361613163562702], [-75.32962409970912, 2.365308383856999], [-75.34808738831491, 2.323784418186346], [-75.38855687216414, 2.312624404865818], [-75.41040519824037, 2.245648227084463], [-75.43965742593338, 2.220711409066226], [-75.42627105441454, 2.188126652849844], [-75.44236401210003, 2.14701530837799], [-75.53498428187594, 2.117660721328065], [-75.58805904665046, 2.011118371355547], [-75.64103852625162, 1.95803106589724], [-75.65175862300339, 1.901053836657239], [-75.6896216856468, 1.879438004123835], [-75.73066979772196, 1.82334896814837], [-75.73714924384811, 1.782464397656498], [-75.8303202526401, 1.747400985801837], [-75.84402044729913, 1.722648843745588], [-75.90695680662344, 1.715176230767292], [-75.95265118680602, 1.663800256051396], [-75.97999357322493, 1.65758986283935], [-75.98342951477453, 1.621334015177918], [-76.03437752973997, 1.582767256839983], [-76.07457936885984, 1.584832053802375], [-76.11981064189152, 1.552138868399527], [-76.1654109951207, 1.587427138905575], [-76.20239677779566, 1.578651471110021], [-76.21155502575685, 1.640718520714855], [-76.24225436723036, 1.683091289101653], [-76.27233599727226, 1.674502505811801], [-76.30368111069428, 1.690197204695071], [-76.32559910083665, 1.663091669270563], [-76.3813756656795, 1.667188597010083], [-76.37190640592318, 1.74252189465444], [-76.41949161767184, 1.717774114701725], [-76.435126213157, 1.791800324779467], [-76.48877941496191, 1.825807118634631], [-76.53044834866482, 1.823537450369114], [-76.55730732157352, 1.839155049246958], [-76.59030684033159, 1.868158245788296], [-76.57872337317315, 1.898732408641036], [-76.61928494199827, 1.926539777761145], [-76.61046455402273, 1.946727195309565], [-76.62425897185848, 1.973847706974541], [-76.57251300073847, 2.019737894207399], [-76.58606254078084, 2.034644092150002], [-76.57727863054755, 2.056538745609444], [-76.5902653993619, 2.107948135542496], [-76.55338511706492, 2.13969180258749], [-76.48741747503843, 2.129060848034975], [-76.46743000266281, 2.100007628854506], [-76.43091717309999, 2.120387714246892], [-76.43426273260812, 2.187288098673957], [-76.40473178168963, 2.20054146110037], [-76.37376725023539, 2.279089391986413], [-76.2990642672648, 2.282486811591374], [-76.2092697058851, 2.198403315863922], [-76.14783691360648, 2.201315807561441], [-76.12113532873434, 2.224808972086096], [-76.14645181482109, 2.294019096737651], [-76.12021529257683, 2.390532615277438], [-76.08924786931546, 2.415918018565585], [-76.03253500806106, 2.402631164878217], [-76.02189806007073, 2.443602880966255], [-75.9772113359342, 2.504040835551635], [-75.92399553440436, 2.48122963271531], [-75.88749726576815, 2.425107222275553], [-75.86153302563187, 2.427904711883348], [-75.8532438298012, 2.454791770188473], [-75.8141156400625, 2.483622896210504], [-75.83755865276322, 2.567119611852478], [-75.75243936941402, 2.69743121981868], [-75.7510259519274, 2.742181797941917], [-75.80580667115237, 2.768290346700692], [-75.80555201104477, 2.819133007423385], [-75.82221768906969, 2.835513707904648], [-75.87917940697695, 2.83376585198631], [-76.02899347341078, 2.94049025998926], [-75.98858766682622, 2.982543292802289], [-75.95340013690708, 2.917754833893725], [-75.92740629995872, 2.921416323802078], [-75.90154201711384, 2.894859546802593], [-75.840133355835, 2.871896853081213], [-75.76295009856787, 2.914932280818185], [-75.7614999709556, 2.942320913416817], [-75.70271245704765, 2.969973677428436], [-75.69321488111159, 2.993391954301402], [-75.63291843856746, 2.99586416971905], [-75.60152390829879, 3.039152920668833], [-75.62214259504856, 3.0754314889387], [-75.57669913812872, 3.142950579010467], [-75.58850585910919, 3.15582093026439], [-75.57592420588877, 3.228405671828734], [-75.52194690663129, 3.301228062186318], [-75.52747635536309, 3.318282284595198], [-75.4904242285595, 3.325911894248218], [-75.47880442684465, 3.361144243933819], [-75.44060789214062, 3.345162834024123], [-75.41496682010481, 3.371225067688584], [-75.37535294680548, 3.374945212115055], [-75.3616666596679, 3.408823844240509], [-75.34028960967969, 3.397965140090652], [-75.31850674923784, 3.419499281908191], [-75.2523537087939, 3.365705476994727], [-75.22726537029136, 3.415769861155737], [-75.20044408494638, 3.409430975633933], [-75.19988382778487, 3.384554626783875], [-75.17489824781302, 3.377309831117167], [-75.17416142500254, 3.408690381364677], [-75.14742834858932, 3.435821368191739], [-75.03696097527214, 3.429534272903532], [-75.04273437818242, 3.408442883813704], [-75.02765311655418, 3.391391071193481], [-75.05688354286788, 3.377985855905558], [-75.07060673476397, 3.295296198698779], [-75.0006271560328, 3.276212289410204], [-74.90537398773769, 3.291358758441864], [-74.84849373909934, 3.340828074388247], [-74.81634722092545, 3.406429812896644], [-74.76450520323633, 3.440883008723323], [-74.78071953543551, 3.509714926957756], [-74.72862579686807, 3.551581166006168], [-74.73835439565897, 3.590761643345526], [-74.70098438831903, 3.615716061279599], [-74.67538138780735, 3.671716674009502], [-74.59077683007023, 3.729459227710397], [-74.5576029633899, 3.76706851007295], [-74.53474408158937, 3.843206595260177]]]}}, {"type": "Feature", "properties": {"cod_dep": "44", "nombre": "La Guajira"}, "geometry": {"type": "Polygon", "coordinates": [[[-71.65195465067609, 12.455815765704815], [-71.61071638431255, 12.436981876111897], [-71.52605305170877, 12.43734291865357], [-71.43661778903218, 12.380660320395043], [-71.40258227542786, 12.383999925655397], [-71.32284827832602, 12.347667265328294], [-71.30172362211438, 12.353368612409948], [-71.22832722091965, 12.30057840629489], [-71.21962075769648, 12.260323782788383], [-71.11513918996387, 12.086038147964299], [-71.11614078433496, 12.03473633433597], [-71.13613016786233, 12.002713541091348], [-71.2190088045457, 11.964230359136268], [-71.28219976701854, 11.906109153374482], [-71.29011480409861, 11.91627454282505], [-71.31094997430621, 11.92887135129435], [-71.31196518790705, 11.914998958751733], [-71.32704352316098, 11.921154155939687], [-71.32629156490145, 11.9015851618852], [-71.3004290242882, 11.916590148596232], [-71.29011868759667, 11.913685509898384], [-71.32377678329348, 11.848196340881957], [-71.38799644474416, 11.828347979663764], [-71.37817286594, 11.81220622215248], [-71.78265555567417, 11.686805556802451], [-71.97231111095846, 11.643927778267138], [-72.24621849491338, 11.144290410374875], [-72.3485597979345, 11.153241002933438], [-72.43745002814947, 11.115848881412786], [-72.44688695884123, 11.125790185012317], [-72.4869317352687, 11.097280884218048], [-72.4781703976389, 11.056064750310622], [-72.52549899756643, 11.011872717649025], [-72.5181653041925, 11.000747156335374], [-72.57425238315757, 10.916286551808504], [-72.61235553045304, 10.883032841340274], [-72.64804273969084, 10.88042901201713], [-72.65932737187083, 10.832808160653698], [-72.67721153270709, 10.819607703988352], [-72.67954518940502, 10.764016801801409], [-72.71261064066157, 10.751870124023691], [-72.73851316567573, 10.654108141294346], [-72.84237580649734, 10.539071735502695], [-72.83638736768475, 10.51204367930976], [-72.86236367705342, 10.46339590324364], [-72.97793480592043, 10.402506528607544], [-73.03685685804075, 10.403462344816742], [-73.08446821588902, 10.42633616044264], [-73.14431865413735, 10.39809429661621], [-73.14233075883718, 10.436776226128801], [-73.18162302577421, 10.466472679090318], [-73.16801456662105, 10.492200137450286], [-73.14487503133071, 10.499490021016184], [-73.13755127185694, 10.530335089405233], [-73.09881788062634, 10.549767217818586], [-73.08219369163498, 10.629399482034447], [-73.1065627701851, 10.677098770680388], [-73.14614414422502, 10.691508366661287], [-73.15714789758812, 10.715427275963222], [-73.20773915851669, 10.707374291735494], [-73.23731801226906, 10.740471697153673], [-73.2778252362869, 10.726427661006731], [-73.25243581969963, 10.770733101217917], [-73.26525278885069, 10.845257868976416], [-73.28973955145594, 10.862320149391097], [-73.31231864872137, 10.846152620449907], [-73.33754801258644, 10.862564453862362], [-73.46858573189783, 10.867666390794207], [-73.59859493258767, 10.835955299758039], [-73.63349306841125, 10.900318792080641], [-73.64249037071039, 10.966748960439622], [-73.66492494657102, 10.989786610643383], [-73.63549174909008, 11.041663410507807], [-73.65002187915965, 11.060821942884214], [-73.63740561459878, 11.10876337804046], [-73.65335542232951, 11.13743135515935], [-73.62742947338175, 11.14181106851982], [-73.58384166259205, 11.189532256402279], [-73.56540698144877, 11.253355811796927], [-73.57485999579045, 11.25970256781195], [-73.36056236287664, 11.262329880201507], [-73.27669629825331, 11.285792126049051], [-73.02921531716696, 11.491763483147318], [-72.88377710190775, 11.563181369305564], [-72.83199049064343, 11.631154858016638], [-72.76913728975937, 11.678828253227602], [-72.62398660191677, 11.721451065399929], [-72.59246295526066, 11.746791615992004], [-72.56144612020104, 11.745068457760256], [-72.51479924083797, 11.776910149295054], [-72.44404286461459, 11.779852397963074], [-72.24644287613738, 11.891681936550109], [-72.24445571796906, 11.87824263979546], [-72.22672197143757, 11.891228968604528], [-72.24452578207325, 11.892797852133233], [-72.21242947470385, 11.933378013002159], [-72.13875449594521, 12.104636046746563], [-72.14886041792228, 12.200501277440436], [-72.18067539741084, 12.206974865647513], [-72.17898962627096, 12.21713505172647], [-72.14315181816586, 12.239441134320627], [-72.08367905389183, 12.230905972637766], [-71.96121402139181, 12.25772169991679], [-71.96425539818115, 12.228179393619255], [-72.00085124197551, 12.186319567110369], [-71.97887709531722, 12.17229135310507], [-71.98651425782408, 12.147562364617912], [-71.96582788757607, 12.146914083270488], [-71.97040155226841, 12.162368953815404], [-71.96083940168121, 12.17974925858546], [-71.96315017917453, 12.149461653765007], [-71.94458538691534, 12.16064000194385], [-71.92996369076877, 12.151122095245853], [-71.9249197629552, 12.18387582809713], [-71.86854985692041, 12.1909067559487], [-71.86154412123913, 12.217268096845512], [-71.87985078763832, 12.2359347349664], [-71.87026305170247, 12.24757657315038], [-71.8902668985453, 12.251447476966478], [-71.89120704819598, 12.275276620004224], [-71.93993271201187, 12.275829772933676], [-71.9440607484406, 12.25935849762751], [-71.95572449115497, 12.272877988095875], [-71.82269563790857, 12.371997023955839], [-71.80648135082409, 12.3668455816095], [-71.83976537358411, 12.339817176442631], [-71.82065890003791, 12.310403710205556], [-71.80291575415664, 12.305760544632696], [-71.79375644461456, 12.328593770227679], [-71.75628781374193, 12.332790804654376], [-71.73734446031689, 12.368383612235863], [-71.76189144386035, 12.380974890037216], [-71.72462908591936, 12.411455783735775], [-71.71130758773108, 12.400377318415432], [-71.72217620404714, 12.370391085259008], [-71.70287624495835, 12.376673234771715], [-71.69330050732303, 12.364078656019265], [-71.69572542675803, 12.392323537122904], [-71.62856739091852, 12.413005735549728], [-71.67633387066537, 12.404571846785624], [-71.64714984221077, 12.431069534608092], [-71.70010457589498, 12.41766409065577], [-71.68467081917834, 12.442930080021108], [-71.7349793126126, 12.408721356422882], [-71.73047089262273, 12.426864087932325], [-71.65195465067609, 12.455815765704815]]]}}, {"type": "Feature", "properties": {"cod_dep": "47", "nombre": "Magdalena"}, "geometry": {"type": "Polygon", "coordinates": [[[-74.04165336477944, 11.341624448380635], [-73.97515601079499, 11.338699551236273], [-73.85799646089903, 11.274194201383027], [-73.79068639404109, 11.256427907280493], [-73.56531414330765, 11.254473823676843], [-73.5910028474118, 11.178636556587607], [-73.6274817717862, 11.141774151355714], [-73.65333220929278, 11.137505126915393], [-73.63740561459878, 11.10876337804046], [-73.65002187915965, 11.060821942884214], [-73.63549174909008, 11.041663410507807], [-73.66492733777433, 10.989844452343563], [-73.64267889612759, 10.967235280556915], [-73.63349306841125, 10.900318792080641], [-73.59859493258767, 10.835955299758039], [-73.6352168132061, 10.807864940305235], [-73.63866211867432, 10.787793090426755], [-73.5889943220028, 10.78170946542349], [-73.54190734212041, 10.754718292932232], [-73.56231565921519, 10.740852489185325], [-73.56313152785106, 10.715958865192322], [-73.59378547004843, 10.705264795678028], [-73.61688143962034, 10.644687932749735], [-73.59535981042042, 10.630946534200739], [-73.59594421996594, 10.585117931779177], [-73.6134295173722, 10.564226379111535], [-73.57047413198092, 10.541776798052627], [-73.56194938665901, 10.505677445290157], [-73.63983595200862, 10.500767710003041], [-73.65226327673822, 10.460454997237411], [-73.70331999698705, 10.463598682246829], [-73.70417396307145, 10.430109516978527], [-73.74071798269414, 10.435749347574296], [-73.77903070629183, 10.396173316333066], [-73.8176552967362, 10.385077681355082], [-73.84252259190747, 10.401007150115518], [-73.92185145659906, 10.375068848723547], [-73.96132196255626, 10.336777424398383], [-73.96509244186258, 10.28810254060155], [-74.04080555277119, 10.219901316136596], [-74.08437106644534, 10.073056474266211], [-74.05109341656379, 10.010254519023144], [-74.01175835324298, 9.976095316167887], [-74.00183122504383, 9.940197451905133], [-73.95266612843739, 9.926935129911639], [-73.89496343685595, 9.83209091790912], [-73.8417921170045, 9.79734287165139], [-73.82743345809668, 9.752937203206635], [-73.83901967463497, 9.731024289550358], [-73.80909001980434, 9.692055637333777], [-73.80326414873365, 9.636416577552795], [-73.86789294896023, 9.600995157062476], [-73.89339731931527, 9.61642946573228], [-73.98926109596138, 9.5798144300258], [-74.00396235906342, 9.595359783448597], [-74.03673942113322, 9.591322589721063], [-74.13915999020547, 9.493779959297362], [-73.9780947938484, 9.389381327059358], [-73.99169077192289, 9.324019726782826], [-73.9430262820616, 9.289936511579612], [-73.96203268160053, 9.187675888019603], [-73.89282930345105, 9.173587284443148], [-73.86662226135442, 9.182968076271033], [-73.87532567929001, 9.130541568655532], [-73.79802235232223, 9.0582979603014], [-73.86765513192192, 8.9364891781717], [-73.87038742663113, 8.960431515044965], [-73.90005576002319, 8.980717825313523], [-74.00184394309866, 8.995464588105335], [-74.00225665911627, 9.009732768650977], [-73.9851925175624, 9.010009760231098], [-74.0067621692139, 9.031829936772638], [-74.02835203933273, 9.027026980773142], [-74.0355938300389, 9.044391839892779], [-74.05709585093547, 9.018505769017132], [-74.09799583464518, 9.015818201006464], [-74.11317995839873, 9.040983702747397], [-74.13941289715025, 9.029861526241906], [-74.11793922837576, 9.048881412600368], [-74.13466072370838, 9.064402750302843], [-74.1572931127316, 9.057377077993854], [-74.17658689480548, 9.089289781228963], [-74.22843910910882, 9.124046038559479], [-74.22007533281977, 9.136127048785564], [-74.24827782514923, 9.164652780151101], [-74.29821201784888, 9.1598319938751], [-74.29543874773327, 9.201758207703971], [-74.34752152313493, 9.232909464114918], [-74.4030306084063, 9.213748526994053], [-74.43498618867643, 9.274147196414965], [-74.46383315059518, 9.271320158228066], [-74.51086493843201, 9.234050474593701], [-74.52990507320709, 9.241471304652551], [-74.56557337991289, 9.314235364903512], [-74.61528059500033, 9.340995334569042], [-74.61844712520416, 9.371501502149226], [-74.6597774548157, 9.385865121135748], [-74.6724061923001, 9.413078675051452], [-74.69889072200768, 9.426862109877902], [-74.7320748797887, 9.418828270955624], [-74.76333732119119, 9.463752473017951], [-74.80282707624872, 9.44366965022953], [-74.80677058426153, 9.465303785039703], [-74.77574539654458, 9.500681003567198], [-74.80705404136813, 9.547422052578389], [-74.77358049415031, 9.58726788134152], [-74.77697454099481, 9.626194695237983], [-74.80575277068274, 9.675530604974401], [-74.78764598432934, 9.69686482258078], [-74.81470495610591, 9.731586124282032], [-74.81559729878784, 9.789894279770325], [-74.88236986383875, 9.872851248993976], [-74.87262537511666, 9.93674917914185], [-74.82039499155833, 9.96733312884725], [-74.78788013503171, 10.00939904198636], [-74.83974108423494, 10.078660646358008], [-74.92692940373497, 10.108234196865626], [-74.94643853340803, 10.135661469593874], [-74.92597801584597, 10.222138835588751], [-74.86122790062066, 10.352653583428967], [-74.86190661631345, 10.386521717042088], [-74.81806412027998, 10.42483265420207], [-74.786811112419, 10.510079673112282], [-74.73891923973935, 10.542295217230038], [-74.7243952321496, 10.606790418225694], [-74.74705868544856, 10.649198855973173], [-74.72284167889659, 10.67257568664903], [-74.74164515261367, 10.840634979647186], [-74.73650232065334, 10.888761197994851], [-74.7183843481848, 10.909221301674176], [-74.75468371083754, 10.935320311203625], [-74.76867217114386, 11.001971449579043], [-74.83904970974145, 11.058699348283321], [-74.85186053239696, 11.105367257107876], [-74.51236190221738, 10.98610162722414], [-74.42069784998473, 10.974801452897898], [-74.3043193656198, 10.984878154367395], [-74.24893030523609, 11.020466693654846], [-74.21499961575553, 11.070133564383452], [-74.24127640202745, 11.175869776835658], [-74.22836076960445, 11.2059113128497], [-74.24176476532473, 11.22031550797274], [-74.21699814194702, 11.239838581648934], [-74.21996683083984, 11.25414482779064], [-74.19130801728751, 11.264558055950138], [-74.20658081718699, 11.27420342767035], [-74.19428300773161, 11.303660835608929], [-74.14895298636412, 11.298126523982559], [-74.16090904090841, 11.324158491285338], [-74.14474942798833, 11.336968473599029], [-74.13497247378386, 11.315514282278583], [-74.12424992194408, 11.334387068582846], [-74.105358174392, 11.318907496945293], [-74.10727614272672, 11.347920843571691], [-74.08291469461093, 11.315537193961877], [-74.07475489531038, 11.342216173119764], [-74.05684918228408, 11.328079409349167], [-74.04165336477944, 11.341624448380635]]]}}, {"type": "Feature", "properties": {"cod_dep": "50", "nombre": "Meta"}, "geometry": {"type": "Polygon", "coordinates": [[[-71.07752569626383, 2.882232412355228], [-71.10944914417281, 2.872613548093114], [-71.13824223326006, 2.903948603346589], [-71.15382367275939, 2.872313125297887], [-71.18350852878234, 2.904840702240679], [-71.22179443799362, 2.865591848956826], [-71.24717188089048, 2.862753263106377], [-71.25964179067769, 2.886178782348564], [-71.28368110312722, 2.867820801864813], [-71.29956226587679, 2.875577233717626], [-71.30602498036795, 2.920177834965193], [-71.32474234044743, 2.92452765643204], [-71.34529771561115, 2.86033671318848], [-71.37456711033748, 2.891843703026148], [-71.39072260926962, 2.844026685736782], [-71.46338082938443, 2.899277686255057], [-71.47029821633046, 2.853095306409235], [-71.52067294317841, 2.878997281625492], [-71.54509390509769, 2.859110219004488], [-71.58324906457722, 2.872286166078216], [-71.57516630201992, 2.844268214727535], [-71.6105878171686, 2.846315808111822], [-71.65221259940486, 2.820186093924443], [-71.67389647233476, 2.825781929705851], [-71.66200531587293, 2.872734507852496], [-71.6815033139775, 2.871685288427924], [-71.6970667375623, 2.838110260212545], [-71.76185605040126, 2.897303734382539], [-71.75800891130402, 2.852974205399628], [-71.78004252259274, 2.817825347926795], [-71.78843628019399, 2.869499415391166], [-71.82061234911295, 2.879117263985197], [-71.85086484821902, 2.871597855437787], [-71.82314796313004, 2.870024025579646], [-71.82791007407326, 2.837469387811401], [-71.95394434578806, 2.831740238582933], [-71.98191802739274, 2.801187395293832], [-72.00485868166729, 2.829350459728665], [-72.05162369998936, 2.816684628988865], [-72.08212851133653, 2.825854397263282], [-72.13504594630827, 2.888929405599681], [-72.14396435758147, 2.864742260802699], [-72.18281997540983, 2.875215110953961], [-72.20270724816092, 2.864046534836175], [-72.20580562729809, 2.814832738636639], [-72.18404491508512, 2.790333926630552], [-72.19286090667747, 2.772349222116503], [-72.21512088108753, 2.775662053724112], [-72.25948685310154, 2.824704321848339], [-72.27995287021037, 2.775781907354418], [-72.29497268415425, 2.774053756074665], [-72.31302396665447, 2.799124676823955], [-72.33550523224247, 2.796746852694184], [-72.40665012563888, 2.726001370156014], [-72.43463821589275, 2.739994259893289], [-72.47059164999641, 2.733829398907737], [-72.47220881560114, 2.689345507417969], [-72.53630940514758, 2.702719790099433], [-72.53724520229618, 2.682820064295744], [-72.57142081957507, 2.674116643276265], [-72.55582632298226, 2.649897257992046], [-72.5867192572473, 2.639323477161051], [-72.58641398165969, 2.583668138248077], [-72.62087370467171, 2.627358625749409], [-72.65295977843155, 2.571539947864759], [-72.67942271086405, 2.622178103161192], [-72.70215885084122, 2.617818252963381], [-72.73966628621355, 2.569908940255373], [-72.81821266706481, 2.613972692037704], [-72.92032015863165, 2.562458741634277], [-72.92103083628479, 2.534376494874635], [-72.9583426180194, 2.508514785123842], [-72.95423339420823, 2.494864607565347], [-72.93261267173988, 2.496750942119885], [-72.93465356422672, 2.463825612077567], [-72.96255149117053, 2.480169902175584], [-72.96577456017407, 2.448434426994203], [-72.9860963704429, 2.451901508943102], [-73.03279347836605, 2.412567496406635], [-73.0452296939895, 2.437923029184491], [-73.11055319087002, 2.380999201059767], [-73.12778459387935, 2.410980741990756], [-73.14127494498948, 2.39711580443005], [-73.12406632434231, 2.378824613190459], [-73.16350174517943, 2.365389843430198], [-73.16573338371374, 2.39940968702014], [-73.20159558637967, 2.38246656178717], [-73.21768746678407, 2.386355632051585], [-73.21652308830117, 2.405468079247031], [-73.2259456068998, 2.388909075998628], [-73.26787344168524, 2.380866541376819], [-73.24115183598467, 2.371342008716496], [-73.24247468780625, 2.347332251794031], [-73.26742608814659, 2.358769246609442], [-73.30064515796269, 2.335993594572201], [-73.33041052095327, 2.36035622178439], [-73.33316512361844, 2.33334588292796], [-73.35670684979138, 2.3240950430956], [-73.34508920844974, 2.352676082919292], [-73.35690931229036, 2.368503832191334], [-73.37460760584568, 2.362483332923679], [-73.37897040937501, 2.324956122251458], [-73.39630160501547, 2.328868418952955], [-73.390348200954, 2.351127099948683], [-73.41216229573317, 2.35696859158077], [-73.43677162455754, 2.326544103058392], [-73.44230822964705, 2.386267029302651], [-73.4556787272201, 2.382377818346312], [-73.45030149304058, 2.339727073569867], [-73.47403902475891, 2.361762918788402], [-73.50586309322314, 2.356443894627276], [-73.51228372884079, 2.33294370876581], [-73.5280338641138, 2.387560188705629], [-73.5719660453087, 2.354919428819573], [-73.58543861822885, 2.359570087315536], [-73.5863769003536, 2.390019461977616], [-73.61757434714839, 2.37726667291486], [-73.6329782889434, 2.360344731061017], [-73.61384779405854, 2.341135076175866], [-73.63503548470328, 2.32569802208224], [-73.62970149562531, 2.294869135127086], [-73.64340105499652, 2.283667960864181], [-73.65693152964887, 2.294470948398685], [-73.65666833319419, 1.617731944145717], [-74.04000091794124, 1.970833298771039], [-74.10500336104238, 1.972500087339783], [-74.14958190190875, 1.997499939704184], [-74.15333557337536, 1.979583376559405], [-74.19000243816396, 1.985416777814115], [-74.2418960808152, 2.05641730442331], [-74.36194287715777, 2.059513749317473], [-74.3925018268719, 2.084166525630171], [-74.46208190826836, 2.089166638081402], [-74.48416900668089, 2.110000126116971], [-74.48542023373656, 2.149166583893664], [-74.53874969057829, 2.110000125787185], [-74.55083465560305, 2.131666661683406], [-74.58000183687791, 2.124583247075942], [-74.60416412886401, 2.156666515243649], [-74.58916473961027, 2.169999838794767], [-74.59166717776965, 2.201666597906749], [-74.61083221608894, 2.208333498038494], [-74.62708282404101, 2.192499880670051], [-74.66500091414994, 2.211250073658271], [-74.65000152561343, 2.240000007912182], [-74.70124816981095, 2.271666527726169], [-74.69333648569133, 2.284166571431301], [-74.70916748416865, 2.283750054895823], [-74.71583557914678, 2.263333324040322], [-74.73000335702197, 2.279999972550184], [-74.74833678493108, 2.274166819581771], [-74.73374938368744, 2.346666809558458], [-74.69291686892419, 2.420000071939504], [-74.67292022931308, 2.425000190753748], [-74.66291808501641, 2.488333222139637], [-74.64749908096248, 2.493749857804877], [-74.67749785656031, 2.523750063913174], [-74.6816635083124, 2.558333391925808], [-74.58583069286351, 2.665416708947683], [-74.63749695333698, 2.700833318056822], [-74.6175003120813, 2.753750081599743], [-74.64333343008381, 2.755833392683881], [-74.66666411900711, 2.804999825805839], [-74.67333221394613, 2.888749835868901], [-74.7693748448721, 2.873124950888066], [-74.80000305294013, 2.938333515926093], [-74.83687591996214, 2.908541554599609], [-74.8783340420862, 2.914999952782296], [-74.91062545202448, 2.883541823728216], [-74.93551300201212, 2.908908325936018], [-74.90101355270765, 2.962735495341445], [-74.84960421082319, 2.994710388297505], [-74.81596300468566, 3.053028312332277], [-74.78777999293325, 3.060418856810394], [-74.71302240234968, 3.169957560405951], [-74.6732582361789, 3.186348156327818], [-74.65657649241139, 3.247590198658813], [-74.61632758890617, 3.287795270586693], [-74.61786774811722, 3.330514471971318], [-74.6398432801668, 3.368367133237697], [-74.60566752581884, 3.414141550757899], [-74.63053112609245, 3.471301439754581], [-74.58971385293869, 3.528198051358324], [-74.5636254581708, 3.525902889746959], [-74.52505445998807, 3.577520219915818], [-74.50286305177039, 3.646277595699741], [-74.4244780103322, 3.708397256778255], [-74.41574936419302, 3.741054533695248], [-74.38715890732925, 3.75270231176908], [-74.39389302916037, 3.769914572929014], [-74.32723803427375, 3.826672368324568], [-74.29661663457992, 3.818903847307905], [-74.31704603110832, 3.880753320327437], [-74.25642580295136, 3.927865628852755], [-74.26014055932703, 3.948251979808581], [-74.21738298232657, 4.010896177037768], [-74.16025853600257, 4.017847855801993], [-74.12349035223971, 4.001268890136588], [-74.07069700123185, 4.057704231274096], [-74.03488802006738, 4.060840244734575], [-74.03588691792683, 4.082380548410137], [-74.00593453863641, 4.109766207622648], [-73.96007498782792, 4.095520092884649], [-73.93307902926907, 4.149235958862278], [-73.89582543169598, 4.142640837244326], [-73.8608917288365, 4.171832659897789], [-73.82589326624269, 4.168337784575648], [-73.80935822063022, 4.203921261873172], [-73.74259343490823, 4.198022776932581], [-73.7603318540149, 4.236398265288598], [-73.74441897222174, 4.267356463151252], [-73.7843455456162, 4.301695678194115], [-73.79268185963237, 4.381111363371414], [-73.81086758191688, 4.40813263778404], [-73.78328477357796, 4.448285978130835], [-73.73833067059597, 4.460570453619005], [-73.7276639975905, 4.502695428252635], [-73.66165422028254, 4.546730936623202], [-73.62120657121834, 4.562331422864799], [-73.56797551071658, 4.526499607753586], [-73.60336908916979, 4.456681753811998], [-73.5725700366059, 4.419912064963215], [-73.55014932300452, 4.307541795962554], [-73.47168004994639, 4.276241626167201], [-73.43028618718608, 4.306381422861553], [-73.35364488617851, 4.321194294821518], [-73.20354405211305, 4.273255155795684], [-73.13763771566272, 4.212571695040184], [-73.05255695699047, 4.736324803959077], [-73.05023200801094, 4.692427538067109], [-73.01685936512904, 4.635607112570499], [-72.96797562312618, 4.599190898872517], [-72.93792698801205, 4.522740793876672], [-72.87017430373683, 4.45071295742207], [-72.81347202256785, 4.429805941396512], [-72.82503054872129, 4.417614490154968], [-72.78827263370698, 4.397520176407531], [-72.80058469436496, 4.378346512095901], [-72.7689165531654, 4.366389539877132], [-72.77968872572569, 4.352769038689782], [-72.76297241469969, 4.347836044628969], [-72.76946747418121, 4.333179630581443], [-72.6924220839159, 4.287572190966508], [-72.67586593474145, 4.317383419106724], [-72.57344579094809, 4.302140506202105], [-72.57346878668379, 4.325484146404752], [-72.54783745480327, 4.354675084282071], [-72.46681826638492, 4.317375378178255], [-72.42794812825282, 4.353705209347123], [-72.40503585020664, 4.317859741392732], [-72.35621694302444, 4.341740619242088], [-72.34219294369302, 4.371529785215505], [-72.32050271823462, 4.370916437981466], [-72.3028578629812, 4.408411274021762], [-72.24339790782112, 4.43456317442692], [-72.14310961292794, 4.440299600308911], [-72.07084045171408, 4.408092705244364], [-72.06063925677783, 4.375000940384584], [-71.99029580014813, 4.383538348173184], [-71.8067499403564, 4.58354765138421], [-71.7323871500226, 4.575305904376377], [-71.59792645191645, 4.645268783323205], [-71.57675918876683, 4.675033444039816], [-71.429298040567, 4.723292070588816], [-71.39016833927401, 4.756689489896277], [-71.32277522592247, 4.766715396149554], [-71.28827875144952, 4.80305107480798], [-71.21174826891367, 4.817327841262609], [-71.07793104513578, 4.899101333818456], [-71.07752569626383, 2.882232412355228]]]}}, {"type": "Feature", "properties": {"cod_dep": "52", "nombre": "Nariño"}, "geometry": {"type": "Polygon", "coordinates": [[[-78.14025779912824, 2.676152923861715], [-78.13719095243675, 2.643983498723002], [-78.09671139340914, 2.647231504126709], [-78.07245866280773, 2.61116169733642], [-78.0329146993725, 2.649467372260438], [-77.9782180027458, 2.661697059835454], [-77.94537291222916, 2.62567055391556], [-77.9283381527739, 2.640404027182784], [-77.91551538731666, 2.593678845944936], [-77.91879457027633, 2.416698907939244], [-77.84792213959253, 2.260593861718555], [-77.8532164407858, 2.205408217573618], [-77.83864224510356, 2.178210975606363], [-77.73935923708963, 2.133566341021189], [-77.6456203696031, 2.168544419726506], [-77.60362508222964, 2.164709609988131], [-77.55621210903065, 2.202519827290866], [-77.48794162169835, 2.195252600022725], [-77.47227354792597, 2.241319502593078], [-77.4790222581193, 2.273688084545805], [-77.45943429591739, 2.286177709652437], [-77.3856774725853, 2.255942413652742], [-77.35884691599264, 2.262360462243957], [-77.32307702198808, 2.221996531290338], [-77.30774340952375, 2.195962757829965], [-77.31796126296781, 2.181920997745497], [-77.30762319007313, 2.108160488815328], [-77.33352773173638, 2.05136163885814], [-77.25931160947168, 1.994098612962661], [-77.22056992569142, 1.988187507895063], [-77.20315946995657, 1.952037598302921], [-77.21837534395704, 1.916973261571543], [-77.2454912003933, 1.911329828916207], [-77.2557474686727, 1.869695397391397], [-77.28918620985976, 1.849048003957712], [-77.31007294003156, 1.804204474817277], [-77.29469356345203, 1.765996766133875], [-77.33087997871422, 1.681512693216638], [-77.23897015254414, 1.657343415650377], [-77.15079958535082, 1.685644814375457], [-77.13755999528746, 1.654930830694724], [-77.07233418188632, 1.668956712718166], [-77.05685439185773, 1.699051988246812], [-77.02635402959113, 1.713969441648479], [-76.99833048300403, 1.707327185723691], [-76.93608470347287, 1.729002057050157], [-76.90208801367763, 1.662373317285389], [-76.83453426621983, 1.615424173881534], [-76.85860744540345, 1.522467855901941], [-76.92892711776659, 1.500486126028703], [-76.91825425441237, 1.429663499762986], [-76.93180292081293, 1.38579851923835], [-76.90415224798309, 1.320942951190488], [-76.93958733722611, 1.272679820127051], [-76.9794127084876, 1.286688015397469], [-76.98110979276532, 1.222788886274689], [-77.02095789735898, 1.19622027412007], [-77.08843350333063, 1.183373113646045], [-77.10006430930288, 1.154001046780486], [-77.09299017160082, 1.075041015386746], [-77.05812916471903, 1.034295600259132], [-77.03679967578047, 1.047059031067521], [-77.0280668894519, 0.994931269286031], [-77.07377605649894, 0.969696412623262], [-77.07274999991952, 0.942312985822623], [-77.1212090055146, 0.893162328798351], [-77.10207218369267, 0.833648758332262], [-77.13915418508067, 0.821510241710512], [-77.18680573174261, 0.630954062010916], [-77.11735945854555, 0.591361340070383], [-77.13023085058569, 0.524501762256192], [-77.10207153500504, 0.47037543984432], [-77.10761896837856, 0.442476887063084], [-77.0890790656061, 0.424384399911873], [-77.0991521177214, 0.410616461625375], [-77.08802356102451, 0.39463136489673], [-77.11339358972518, 0.372649805510553], [-77.17992330535161, 0.390779238669274], [-77.21123111492038, 0.365598593860769], [-77.2876685468027, 0.363580402764088], [-77.37100534494105, 0.401110718341766], [-77.38971172506085, 0.388062633820943], [-77.41652775348344, 0.419710153657232], [-77.45796127486265, 0.427937483058229], [-77.52786454006768, 0.400915106364627], [-77.52205865553242, 0.531482080527575], [-77.4802634233348, 0.609742553357758], [-77.48058744591278, 0.656343344777403], [-77.56356612031577, 0.650410805191231], [-77.61082816415734, 0.688817685462711], [-77.6629282479617, 0.705984604161052], [-77.67549358309975, 0.736588987914648], [-77.69783960063347, 0.741454792239184], [-77.66149764615095, 0.789949268682021], [-77.67674992881129, 0.792216949967936], [-77.66501805761513, 0.817889153380759], [-77.71402061646018, 0.850958703525606], [-77.74649648454408, 0.833169194456223], [-77.80398280246338, 0.83104975326047], [-77.842714478385, 0.802234480566915], [-77.93642945348356, 0.816178229949283], [-78.02171923201598, 0.874770109592499], [-78.08811792844214, 0.896792807368311], [-78.11182648154815, 0.932380812082021], [-78.153479853713, 0.924597822717158], [-78.18556661672501, 0.93820318915439], [-78.2003392637111, 0.950039922575213], [-78.1920653452267, 0.969930108210727], [-78.20588823266718, 1.002011044884023], [-78.2818292829904, 1.056319230067697], [-78.2520955490661, 1.078989938232287], [-78.25085602340462, 1.098828247609236], [-78.28140145973153, 1.111712456425307], [-78.31111574544961, 1.190978339519904], [-78.37440036813807, 1.174851322403859], [-78.39501908537902, 1.152870483869284], [-78.41807953056997, 1.160149118527964], [-78.42582475396273, 1.138690970442533], [-78.4380319849374, 1.193954313617956], [-78.45560127095878, 1.176160662798512], [-78.4956455510625, 1.198174585949184], [-78.51600994986512, 1.187909047408679], [-78.51418456922963, 1.213458760343113], [-78.54709845859176, 1.226689767762578], [-78.5447026469977, 1.244483087279499], [-78.62106600987715, 1.249934206922013], [-78.64841086801908, 1.276585846808632], [-78.6624276483435, 1.321092339448279], [-78.69475209127292, 1.330181155263258], [-78.75773721898132, 1.394098931890869], [-78.77865303465383, 1.39243566581238], [-78.78086940128854, 1.41384639876221], [-78.79193773219416, 1.408510012452755], [-78.82465602060566, 1.445137767234202], [-78.80813683510874, 1.455809526674827], [-78.83359782113874, 1.450680765799817], [-78.79860686511385, 1.484804001073998], [-78.81887099532335, 1.473082405678569], [-78.85634392883466, 1.480746904261302], [-78.8748076540136, 1.514774575169875], [-78.8634995346559, 1.550842358749223], [-78.90250336997994, 1.543134092114128], [-78.95892788906961, 1.594008658543338], [-78.98852763826771, 1.60079193273843], [-79.01007804726817, 1.631974658143789], [-78.99859823913765, 1.638843667007631], [-79.00688970852472, 1.658037061989713], [-78.95442197576584, 1.684374774946023], [-78.9308445193706, 1.734148714981248], [-78.86490638490383, 1.803340761581819], [-78.8096439115543, 1.82928448120192], [-78.7797101848355, 1.824516231900731], [-78.7995735522766, 1.815257904734136], [-78.81349166235015, 1.7903928909551], [-78.81193187823048, 1.786966489379703], [-78.76508256739676, 1.824763074631616], [-78.7241909700101, 1.823511652082906], [-78.78420999737936, 1.798787081588509], [-78.75754695317626, 1.77712999886416], [-78.75601832344063, 1.798138277551222], [-78.74372282151177, 1.78547723283041], [-78.73827292332058, 1.796925342978988], [-78.72584777030248, 1.762803823537372], [-78.73755845383248, 1.771021711124505], [-78.73971847515008, 1.770190932654555], [-78.73897077645147, 1.766834593105854], [-78.74520160394647, 1.769758932230566], [-78.74661392579486, 1.768595843634345], [-78.74721208492213, 1.765771197667584], [-78.72646962754658, 1.75308602067045], [-78.75761710840142, 1.749982434097407], [-78.76399747697229, 1.742834056255875], [-78.762166073966, 1.741445735669819], [-78.73809199825938, 1.745463004019844], [-78.72836636614358, 1.732499188874401], [-78.713766841859, 1.745667007005711], [-78.71715641297482, 1.79340346313931], [-78.69945670575991, 1.769774083766213], [-78.69257787066306, 1.790472895836727], [-78.68666888265422, 1.748351978894045], [-78.675209088334, 1.761572236283001], [-78.68789228710331, 1.781635504401398], [-78.65445765990582, 1.775085348124711], [-78.65127059092985, 1.793693716257302], [-78.59759393010718, 1.792681779964327], [-78.59979904447626, 1.773537136767396], [-78.58073899879135, 1.77844779765447], [-78.56859380543793, 1.751251921979216], [-78.58190416679541, 1.740321976544427], [-78.55365227853437, 1.757731986365717], [-78.56403283847496, 1.79215108535662], [-78.54247463283065, 1.802108465538285], [-78.55081632784221, 1.835729614832948], [-78.53849634487969, 1.855885327392202], [-78.55193787809228, 1.898879584276892], [-78.59708893275382, 1.894344558098646], [-78.60269005553343, 1.947013775532931], [-78.58500462671944, 1.972606127248643], [-78.6357398719412, 2.011558041067941], [-78.64589196831702, 1.978426646279157], [-78.6743583792927, 1.980087836207528], [-78.67595502547928, 2.049512789379153], [-78.65563006160082, 2.044166737739458], [-78.64982292949112, 2.049948944243281], [-78.67990537145081, 2.05863471886571], [-78.68974038868701, 2.111769843325096], [-78.70356036633025, 2.118648677950465], [-78.71274506947596, 2.167586761909174], [-78.69779445005466, 2.232468084412711], [-78.67324687379038, 2.240744378327491], [-78.66050547748291, 2.286844187322002], [-78.62324549852926, 2.326735852887193], [-78.62197962426518, 2.377320810556369], [-78.56641445310959, 2.454555733785657], [-78.5701787601972, 2.442330063130763], [-78.56161745948855, 2.431336955338633], [-78.55179028604826, 2.447210337924639], [-78.55702034067895, 2.491582526291778], [-78.51424704700142, 2.500356370535096], [-78.45424081899044, 2.575529199561058], [-78.455175534207, 2.59759015799674], [-78.39553498646866, 2.603032509296006], [-78.37121704692727, 2.637189410625429], [-78.3326911953404, 2.656344069899686], [-78.14025779912824, 2.676152923861715]]]}}, {"type": "Feature", "properties": {"cod_dep": "54", "nombre": "Norte de Santander"}, "geometry": {"type": "Polygon", "coordinates": [[[-73.00579325774966, 9.2887392560943], [-72.98576697864509, 9.252422435908136], [-72.996438861155, 9.219800025387862], [-72.97095483375911, 9.212435593704257], [-72.95651150601263, 9.179123139270883], [-72.98756347162886, 9.142027342413046], [-72.94805252172462, 9.091428104308411], [-72.93258602555272, 9.082398049160327], [-72.88636499520373, 9.102956592306064], [-72.88026167807506, 9.13186704343676], [-72.76621411163474, 9.103944068844543], [-72.77616194085266, 9.09957812826193], [-72.76397381724493, 9.096502414242167], [-72.77285967067162, 9.085725058303066], [-72.72015596295188, 8.940867136863353], [-72.65491220330419, 8.614672792633137], [-72.61701452822477, 8.595420573203722], [-72.38776764120983, 8.34700114966554], [-72.39527246163864, 8.326709106541363], [-72.3800812283444, 8.304617992095663], [-72.39366583310081, 8.252608889366568], [-72.35373800111303, 8.165614652859626], [-72.3736205588462, 8.10570093538127], [-72.35138361141199, 8.083654444281361], [-72.34742791558638, 8.01748933637976], [-72.35149038022894, 8.004202560002735], [-72.38338548060726, 8.034464872153293], [-72.41599819424137, 8.033352364114965], [-72.41874571086798, 7.995463523657073], [-72.43706793094448, 7.991215027603808], [-72.44860658421408, 7.963640928831834], [-72.47183418458823, 7.963513776865399], [-72.49004403995069, 7.934450271160556], [-72.45938651437046, 7.911900655939783], [-72.44459334517906, 7.859905012712422], [-72.47365711773233, 7.758533140167108], [-72.47622099321673, 7.631828664024442], [-72.45231454851398, 7.564629115920988], [-72.47557357559339, 7.487653607714377], [-72.44725819320398, 7.462847671068802], [-72.42859298532942, 7.402385095004117], [-72.35372865533972, 7.396825654897435], [-72.32536905992883, 7.375861373772405], [-72.3014126466648, 7.391051852674892], [-72.1947731354592, 7.385165859672092], [-72.15346717337587, 7.328023909162508], [-72.17417800176419, 7.257544274182198], [-72.04759133091983, 7.038193977825068], [-72.08167356652045, 7.045253426097066], [-72.11351095428736, 6.997094911343028], [-72.14713560292047, 7.015295592737179], [-72.16197768858684, 7.046938383327515], [-72.1840937473675, 7.028932249692406], [-72.19064545576434, 7.047473871778595], [-72.20096781760839, 7.006687166769371], [-72.244246838699, 6.977025848337826], [-72.25166927404787, 7.006877324696186], [-72.27652401105505, 7.0127923709517], [-72.31342579999487, 6.932223803000408], [-72.3923279860562, 6.87221449297681], [-72.48901543360098, 6.924786389726481], [-72.5137410841396, 6.88799728302893], [-72.54736681025973, 6.885951258450242], [-72.54190933868497, 6.941897843875011], [-72.56236645430845, 6.999793602920495], [-72.63202813929352, 6.986918156173793], [-72.64912304178313, 6.997517817841664], [-72.66850497284042, 6.965503130435738], [-72.67731533035871, 7.007791444801446], [-72.72177779967235, 7.005051653197357], [-72.73958428328814, 6.984343658036192], [-72.79003203090163, 7.037598080076787], [-72.8775144053778, 7.05580601034235], [-72.88180346020417, 7.082611653962562], [-72.8467247915821, 7.135443072113632], [-72.85905286858461, 7.154524493314327], [-72.83118101431813, 7.199480741281566], [-72.85642292392792, 7.216958035436383], [-72.87613593463722, 7.267319621908745], [-72.83405531727482, 7.304236508185989], [-72.83683125163685, 7.355610081930934], [-72.85602475713527, 7.362785009791415], [-72.85066834704324, 7.374721620134032], [-72.90036225094809, 7.433364693258683], [-72.8960849766586, 7.479603549082604], [-72.97830107501738, 7.529047364705192], [-72.99223877365986, 7.596969473340231], [-72.98235477713742, 7.620307811425277], [-73.12331751398104, 7.608124304863214], [-73.21903680831109, 7.63211096465629], [-73.25917694803347, 7.587377124144842], [-73.24754340480281, 7.558261216301753], [-73.25657104032913, 7.531573136827734], [-73.28376247907993, 7.549366130826302], [-73.35534401177225, 7.544349892690402], [-73.3864438099556, 7.582138622203302], [-73.40874438479182, 7.565163559275574], [-73.50556378015602, 7.595783949611455], [-73.5178824635972, 7.641430340296887], [-73.55882629155988, 7.672356007758015], [-73.55908975302555, 7.691290770719064], [-73.59691828790261, 7.701346700030967], [-73.60002781376342, 7.725856174167792], [-73.6331489805814, 7.745177345298077], [-73.55884025798221, 7.728321826798718], [-73.49082820787761, 7.67437610987331], [-73.43936289936566, 7.69652435687507], [-73.34288077787889, 7.812236796742948], [-73.34796904925749, 7.898353472548903], [-73.30325487412543, 7.906140851638922], [-73.27517801226116, 7.945810519016747], [-73.27777420824565, 7.997783168871356], [-73.29779457230939, 7.984581536366017], [-73.30993957625333, 8.015885995609], [-73.36658823791272, 8.012237035783492], [-73.37583990217951, 8.100826165267096], [-73.39647941409903, 8.106255044873917], [-73.39655281254248, 8.121900016271773], [-73.42966420450387, 8.123275653203626], [-73.4280842618211, 8.180522133175662], [-73.44890370558075, 8.19251865691778], [-73.4293397648236, 8.224861130489206], [-73.44063379078304, 8.257243321927175], [-73.37417850341026, 8.266005730623052], [-73.37659124230194, 8.310519912663455], [-73.35067338390584, 8.331082009116841], [-73.34205511765138, 8.435568791681893], [-73.37035414915071, 8.459076244689498], [-73.41439877005938, 8.45925838494145], [-73.39316235431194, 8.382126308770083], [-73.43424164450705, 8.365376586314646], [-73.44180746632495, 8.34083901062782], [-73.48805208071931, 8.383977217041307], [-73.52999474428289, 8.380790581576873], [-73.47329328488676, 8.446829540894502], [-73.4776713266194, 8.470115002620972], [-73.52277299606159, 8.482929071726886], [-73.54770129618818, 8.471406183296358], [-73.57772768927006, 8.49580995687463], [-73.51499290036072, 8.528976118167686], [-73.54719751493715, 8.564321206228536], [-73.55224160261258, 8.606874715407262], [-73.52158612673595, 8.638261668189799], [-73.50733925040286, 8.684948825698486], [-73.47176622341847, 8.70745444408836], [-73.45839045695128, 8.749667707829005], [-73.41461794879085, 8.76602981661686], [-73.44824594079091, 8.862248706128572], [-73.42568450742324, 8.89956921879213], [-73.43966475355035, 8.975308063231825], [-73.41193531629908, 9.052667526682393], [-73.42420445229149, 9.123802570146646], [-73.40444642700422, 9.162578703903552], [-73.37170120484672, 9.15810138469599], [-73.35290451732516, 9.217510500486883], [-73.34473094546041, 9.171711486028618], [-73.250545336059, 9.158376987148838], [-73.21408247487975, 9.183661139605782], [-73.17737334057507, 9.176897521344333], [-73.1313431387463, 9.228234321782931], [-73.09101127442966, 9.22503632581453], [-73.0732152860665, 9.26301252429857], [-73.05123620484422, 9.258115593272967], [-73.03167703512959, 9.285712582064033], [-73.00579325774966, 9.2887392560943]]]}}, {"type": "Feature", "properties": {"cod_dep": "63", "nombre": "Quindío"}, "geometry": {"type": "Polygon", "coordinates": [[[-75.38871062173585, 4.715441807685836], [-75.38329021126029, 4.703795453361882], [-75.42151430919463, 4.658615797041091], [-75.42100092830826, 4.610864250593464], [-75.4688707632963, 4.598322770131246], [-75.51503550433004, 4.555587389006379], [-75.52462512605433, 4.497929644445787], [-75.57734502064453, 4.452690361163242], [-75.59669063586729, 4.280261193965601], [-75.64331059965501, 4.246054306856893], [-75.69346058990286, 4.135651821805266], [-75.73310632358161, 4.114143806650494], [-75.75504885520292, 4.075742402239965], [-75.83904134987903, 4.097565539846735], [-75.84296072070578, 4.150759053084215], [-75.81947313890508, 4.201624154409613], [-75.82399040707526, 4.225853200595493], [-75.78730944337138, 4.294599645989328], [-75.80059225106872, 4.396203331085418], [-75.8950246046009, 4.417604799126291], [-75.88809119754501, 4.446693728675568], [-75.86547679982337, 4.454767241688347], [-75.88139113401442, 4.467422575380541], [-75.8705066288773, 4.512695405340928], [-75.8813037867203, 4.527616373442617], [-75.86686471507758, 4.610992827629555], [-75.84761931914245, 4.638669015443984], [-75.8228505871516, 4.663858778988221], [-75.70846995342488, 4.655063982210802], [-75.7029374196212, 4.72136040510382], [-75.6597854714221, 4.69989491712055], [-75.60649729971628, 4.70946166921793], [-75.51490227016843, 4.693667832634995], [-75.47937845117022, 4.663172529150181], [-75.38871062173585, 4.715441807685836]]]}}, {"type": "Feature", "properties": {"cod_dep": "66", "nombre": "Risaralda"}, "geometry": {"type": "Polygon", "coordinates": [[[-76.00825426040305, 5.563683030356116], [-75.95926791137465, 5.505081592961021], [-75.93079979056778, 5.508874617373703], [-75.90502306624231, 5.479859219194014], [-75.86802412566519, 5.490242125951061], [-75.85064151301998, 5.412476717041826], [-75.86067798509819, 5.371708953926889], [-75.80917475817226, 5.362126563265458], [-75.72522650908026, 5.397141539739256], [-75.66617087173053, 5.354000321053143], [-75.648158849209, 5.308686686222329], [-75.66643334334316, 5.267641659971176], [-75.69263834741338, 5.255185181854987], [-75.7348075109143, 5.264365799843493], [-75.7492723409728, 5.284523873918042], [-75.82366414387184, 5.270118110049098], [-75.80237520395066, 5.200359328186452], [-75.83382269489445, 5.150083376808949], [-75.83656882193239, 5.11478186266441], [-75.84584852489168, 5.105580896847819], [-75.89182825453216, 5.130996997970706], [-75.91735166903379, 5.078686348891165], [-75.92203422556088, 5.042051382802788], [-75.90386704117326, 5.023616511022372], [-75.89216009341203, 4.961530422967706], [-75.86072690129666, 4.942129235920675], [-75.8666845000761, 4.933623447364182], [-75.81480708907206, 4.919438478435802], [-75.79218890636312, 4.937768377939256], [-75.78139178635769, 5.010384385215265], [-75.74681297107688, 5.046819020990827], [-75.7023847852709, 4.945500299280473], [-75.65553960339243, 4.9458020326625], [-75.63950501317309, 4.974998157734521], [-75.62307886722706, 4.970959858825104], [-75.61706107890963, 4.931405170415831], [-75.56459417783915, 4.937803211995235], [-75.53745761491116, 4.916533211311837], [-75.48008524066317, 4.916464205702778], [-75.42686677312584, 4.816390872071227], [-75.3754990699747, 4.802684967114165], [-75.38800026261978, 4.746849323014683], [-75.37793799597154, 4.729580020714908], [-75.41191107863732, 4.698896654939562], [-75.47937845117022, 4.663172529150181], [-75.54578583033381, 4.701480200897889], [-75.6597854714221, 4.69989491712055], [-75.7029374196212, 4.72136040510382], [-75.75395720331066, 4.709884143550743], [-75.83109515707876, 4.737821917817315], [-75.85609931132605, 4.727830005998147], [-75.85197175171389, 4.778653765749259], [-75.90558370166833, 4.752177234091181], [-75.92907438237697, 4.768253850085798], [-75.91747119408244, 4.794485506166009], [-75.93570976218287, 4.8077272046546], [-75.91076111390097, 4.816590696782982], [-75.90060806865807, 4.852073173287269], [-75.91424119209414, 4.873511814762256], [-75.94280888873159, 4.856706572180351], [-75.98816081176497, 4.874509891055513], [-75.98757546419468, 4.911401055124704], [-76.02771486917668, 4.938596695306238], [-76.04908864498742, 5.007150576730107], [-76.07981508189783, 5.040933978959083], [-76.06090975581199, 5.137100610398413], [-76.1324869333282, 5.183449258263747], [-76.14202305299129, 5.233378447695932], [-76.1736181759238, 5.260251416975835], [-76.21142656876756, 5.348616175709354], [-76.19121719702414, 5.414584253368051], [-76.17797806876524, 5.401276988257794], [-76.15247631915305, 5.407566734243335], [-76.08533526306934, 5.449751096410403], [-76.07478584315956, 5.546602500399735], [-76.03704395323419, 5.567172195693208], [-76.00825426040305, 5.563683030356116]]]}}, {"type": "Feature", "properties": {"cod_dep": "68", "nombre": "Santander"}, "geometry": {"type": "Polygon", "coordinates": [[[-74.26635099382817, 5.839571898538504], [-74.27498091779636, 5.868483356684679], [-74.2311406901995, 5.905005995858491], [-74.22449041461118, 5.923237040735943], [-74.23889663344671, 5.943694756960961], [-74.22222489218163, 5.967910210576814], [-74.26008465027726, 6.012481524333692], [-74.25871623407916, 6.065524406178592], [-74.29807339318513, 6.084108161561463], [-74.3373256313766, 6.064977650084627], [-74.34755227881645, 6.038518748756334], [-74.38305881186537, 6.040277891951516], [-74.40798645006778, 6.086456656405048], [-74.4516946468634, 6.099285651126162], [-74.4526255426329, 6.135675444556108], [-74.47947584698899, 6.159641996287196], [-74.46962850740769, 6.201394079764865], [-74.50841812237653, 6.216470539914751], [-74.5289212930088, 6.263871122932548], [-74.45038759801658, 6.331878704683022], [-74.42353263779029, 6.389977703347724], [-74.3694979630532, 6.412217321710662], [-74.40468126808331, 6.470891262019375], [-74.39379523427651, 6.500460643335557], [-74.40473599593594, 6.593854667550106], [-74.35939388809005, 6.632838419174543], [-74.33022578935679, 6.629572730081397], [-74.31222182438586, 6.654311719592859], [-74.25901325810261, 6.673367707964658], [-74.22917779130621, 6.711423023389285], [-74.17731080360949, 6.724945430283188], [-74.11514600866946, 6.765573500890501], [-74.07723499915481, 6.841886664938512], [-74.01064647842786, 6.913279396634532], [-73.91561772396379, 6.969124524977769], [-73.88420883871163, 7.005244742690957], [-73.88871728131792, 7.072485464693608], [-73.93110024014693, 7.119065792659646], [-73.93876801300266, 7.176769359859036], [-73.89596907726896, 7.40878337325569], [-73.9182563318076, 7.476443528107105], [-73.90996538161308, 7.497946382991501], [-73.84835785102666, 7.535924351025854], [-73.82871181000952, 7.602441177212246], [-73.81031148679916, 7.616571711175842], [-73.81842577019238, 7.642814402049413], [-73.79731404982793, 7.654394966241792], [-73.83185068064581, 7.729819635637377], [-73.79813688703886, 7.774987189156749], [-73.8216274572787, 7.823028137898646], [-73.83158919386405, 7.935872868411554], [-73.86731027905633, 7.981893727785311], [-73.8675527516482, 8.063615575339233], [-73.77526100770866, 8.145010135053132], [-73.7696124786059, 8.116511751940335], [-73.79142251671989, 8.102805375433709], [-73.72116892196536, 8.010589126693523], [-73.7235587980922, 7.967827265368496], [-73.67446368403778, 7.941697996705334], [-73.67077797171738, 7.903500483970203], [-73.75116788308128, 7.819740442716124], [-73.73738935324235, 7.785029221113099], [-73.76187011025124, 7.771390274156023], [-73.75795600689509, 7.750733136350479], [-73.63304238258733, 7.749168882029108], [-73.60002781376342, 7.725856174167792], [-73.59691828790261, 7.701346700030967], [-73.55908975302555, 7.691290770719064], [-73.55882629155988, 7.672356007758015], [-73.5178824635972, 7.641430340296887], [-73.50556378015602, 7.595783949611455], [-73.40874438479182, 7.565163559275574], [-73.3864438099556, 7.582138622203302], [-73.35534401177225, 7.544349892690402], [-73.28376247907993, 7.549366130826302], [-73.25657104032913, 7.531573136827734], [-73.24754340480281, 7.558261216301753], [-73.25917694803347, 7.587377124144842], [-73.21903680831109, 7.63211096465629], [-73.12331751398104, 7.608124304863214], [-72.98235477713742, 7.620307811425277], [-72.99223877365986, 7.596969473340231], [-72.97830107501738, 7.529047364705192], [-72.8960849766586, 7.479603549082604], [-72.90036225094809, 7.433364693258683], [-72.85066834704324, 7.374721620134032], [-72.85602475713527, 7.362785009791415], [-72.83683125163685, 7.355610081930934], [-72.83405531727482, 7.304236508185989], [-72.87613593463722, 7.267319621908745], [-72.85642292392792, 7.216958035436383], [-72.83118101431813, 7.199480741281566], [-72.85905286858461, 7.154524493314327], [-72.8467247915821, 7.135443072113632], [-72.88180346020417, 7.082611653962562], [-72.87780073367341, 7.056189456633126], [-72.79003203090163, 7.037598080076787], [-72.73958428328814, 6.984343658036192], [-72.72177779967235, 7.005051653197357], [-72.67731533035871, 7.007791444801446], [-72.66850497284042, 6.965503130435738], [-72.64912304178313, 6.997517817841664], [-72.63202813929352, 6.986918156173793], [-72.56236645430845, 6.999793602920495], [-72.54190933868497, 6.941897843875011], [-72.54736681025973, 6.885951258450242], [-72.5137410841396, 6.88799728302893], [-72.50294149967091, 6.908158765976732], [-72.50062397203355, 6.871235054664349], [-72.47705870740477, 6.842202640628565], [-72.49888917426614, 6.795241514190615], [-72.48553525116485, 6.657101120657392], [-72.54266503184267, 6.58281149511723], [-72.53632280955841, 6.54041878892809], [-72.54946861984072, 6.521468813813475], [-72.53455119105645, 6.494257929993156], [-72.58295136736182, 6.47641358411315], [-72.62153678434647, 6.441017089588629], [-72.66062382281966, 6.44319576763495], [-72.70357830724947, 6.539227782670458], [-72.76016913404163, 6.581637366850504], [-72.80886373966126, 6.559205823779456], [-72.80857913793149, 6.538807341761359], [-72.73592265944013, 6.490688267667238], [-72.72488353565424, 6.456701817263525], [-72.73797620727166, 6.440268768008795], [-72.72558927410276, 6.372056532363276], [-72.75791633063592, 6.315094798981917], [-72.74467753771575, 6.229182198251742], [-72.77501610101115, 6.21048288198211], [-72.80373756781337, 6.215967976055832], [-72.83127065455831, 6.148783293212965], [-72.86843404879157, 6.144522180602635], [-72.87251881268253, 6.125122362578297], [-72.91597506981552, 6.107376268859042], [-73.01124344720957, 5.963105016215669], [-73.03200938525154, 6.023000190633981], [-73.0621970485894, 6.011052393426241], [-73.06781645216627, 5.982041703615499], [-73.10077675777251, 5.962260957610706], [-73.14263910403001, 5.96107694471748], [-73.19931454424704, 6.003134277691819], [-73.22473870436403, 5.94113991506803], [-73.20830580459337, 5.921504987768563], [-73.22098261599199, 5.89070318004262], [-73.18398078003528, 5.850447154236312], [-73.2049532717403, 5.826582486850346], [-73.24689090486864, 5.815959383842752], [-73.27048027930553, 5.853546006081491], [-73.32924004420143, 5.851541375981022], [-73.35147171256811, 5.872571855421703], [-73.34574940165908, 5.842248863037922], [-73.3790302737906, 5.763402488406689], [-73.39048013829398, 5.751068438084072], [-73.43080930939297, 5.767068563575547], [-73.4358932171796, 5.798198037659617], [-73.47347757974812, 5.816830869040788], [-73.45108873483048, 5.867043889304608], [-73.45690333142872, 5.890356058727697], [-73.44448609727932, 5.902000821058482], [-73.4074076940687, 5.889543719795689], [-73.37070869832411, 6.00523217457504], [-73.41483270491943, 6.073094707320484], [-73.43807888894221, 6.07137809983879], [-73.49741541659843, 6.108032160326839], [-73.51520286303999, 6.099078776903867], [-73.53964674001911, 6.037425697171818], [-73.58479182896582, 6.00818520804219], [-73.60302188466929, 5.937564129050808], [-73.6359002841378, 5.911162380219606], [-73.60017153279118, 5.868990525898894], [-73.64678501330201, 5.713316614973928], [-73.7143825009763, 5.781700865263121], [-73.76360922466874, 5.772915102879447], [-73.81253161733206, 5.714967978717586], [-73.82440745589595, 5.740557321091642], [-73.87434514976907, 5.708007828414313], [-73.87454942613243, 5.727865179340122], [-73.92451572278682, 5.743026230804308], [-73.96243084806981, 5.739438011267432], [-73.98261122366769, 5.720910166731806], [-74.02506369172559, 5.780755360404456], [-74.02603033409434, 5.806822431350419], [-74.07925944019317, 5.81850039530695], [-74.10307663524597, 5.876997636001311], [-74.13333312777813, 5.875921145288418], [-74.18041643935963, 5.911088567153997], [-74.19730385565167, 5.85294154705343], [-74.23182234296064, 5.835812437575278], [-74.26635099382817, 5.839571898538504]]]}}, {"type": "Feature", "properties": {"cod_dep": "70", "nombre": "Sucre"}, "geometry": {"type": "Polygon", "coordinates": [[[-75.49964087540418, 10.140958135023146], [-75.5433227367811, 10.040149365065497], [-75.51554564782816, 10.025131778365626], [-75.49082344254231, 10.038253769689756], [-75.47610976188722, 10.018560556926296], [-75.48009600001285, 9.978449512299537], [-75.46418014901343, 9.96138215670193], [-75.46918593718344, 9.924713811329811], [-75.48204890359406, 9.929895499374902], [-75.46550715064798, 9.891769969162498], [-75.43085376570734, 9.912734033083566], [-75.43306985018697, 9.897137735430888], [-75.42759243092121, 9.89287622105938], [-75.39669634615065, 9.89383177728346], [-75.42197822788405, 9.884450565783686], [-75.38976322497301, 9.878330768926315], [-75.37676829523114, 9.849402360130192], [-75.33826145312803, 9.828226991595876], [-75.35997419005977, 9.737500227760188], [-75.377959708731, 9.720356971367746], [-75.37437777194604, 9.630769875010365], [-75.35624583438437, 9.647309141805202], [-75.32708239291867, 9.616707619572669], [-75.31472835113362, 9.652764225818276], [-75.27645712958783, 9.686258791334541], [-75.23267670826623, 9.646674950801867], [-75.16450565786376, 9.646466148148658], [-75.18933234648485, 9.629264393776412], [-75.18105950697334, 9.601913082839227], [-75.16721738792894, 9.613418443021086], [-75.13338701395847, 9.596426072048573], [-75.07785267868337, 9.532755737649882], [-75.03988546631685, 9.54042658863115], [-75.01239443273987, 9.528293673607953], [-75.02894884471097, 9.50983670069894], [-75.03222927096357, 9.466568753129831], [-74.96687882819975, 9.434422380337], [-74.93560097054937, 9.44805501666184], [-74.89077833070047, 9.430964061231885], [-74.95080280620748, 9.347628261630865], [-74.93287121116663, 9.328404486896336], [-74.94451122598683, 9.295801293962194], [-74.92572111044659, 9.278960975898523], [-74.93099874028198, 9.254840199323993], [-74.90466929119204, 9.229612942629466], [-74.90302754981789, 9.163482234753047], [-74.86325603743731, 9.148477619250565], [-74.82376495338127, 9.057419907132115], [-74.78185125758165, 9.037660866820048], [-74.75049141498182, 9.042356199253295], [-74.73685758133725, 9.015829401710441], [-74.68382741141397, 9.01150688080881], [-74.63936084822387, 8.977455862991775], [-74.57944396138542, 8.872765657037212], [-74.58601096296185, 8.84117296555276], [-74.53965931561537, 8.805290829222292], [-74.61073382056396, 8.755937903918195], [-74.58670792925443, 8.630780516965242], [-74.59471096054926, 8.592295991904788], [-74.56375085282436, 8.57176428294268], [-74.57654905724172, 8.544320431629204], [-74.56947065676535, 8.509524369773244], [-74.53540630172407, 8.480637178178252], [-74.5328532363406, 8.454768655083464], [-74.56106404614765, 8.390072938696783], [-74.58691206167616, 8.38412113919903], [-74.61453594896278, 8.406543810605314], [-74.61401396088355, 8.347002820257007], [-74.64924689916906, 8.313469992431214], [-74.65348785144529, 8.27899564016252], [-74.71315739775571, 8.304081509916838], [-74.72747281125262, 8.281022452015838], [-74.7478371237976, 8.299055247644647], [-74.7708823946679, 8.279409693551779], [-74.79469712709786, 8.281906145233688], [-74.79020992742896, 8.318209944400868], [-74.82802366225246, 8.359747600119888], [-74.80380248615062, 8.379916933142987], [-74.84030824262864, 8.39398922708623], [-74.85227455410559, 8.384710585020606], [-74.89976758245467, 8.454291221444638], [-74.92745177857401, 8.453343680034978], [-74.92599403278348, 8.499607673852548], [-75.00572085690717, 8.522802905880821], [-75.03348733720638, 8.49891939364155], [-75.04087306029433, 8.458474824741025], [-75.12804612495093, 8.46828291772457], [-75.13620608894476, 8.429929830153975], [-75.15653536806002, 8.433321502547852], [-75.18513926504328, 8.396640496402986], [-75.2113973304267, 8.425335694741403], [-75.1924541059571, 8.443412803307378], [-75.21629346869682, 8.485366482666151], [-75.2319408849953, 8.467925245170093], [-75.24140008479533, 8.48728176783655], [-75.31436382464064, 8.50237304025409], [-75.30431116988998, 8.517750176098852], [-75.33031863117581, 8.552782319704294], [-75.31834414825164, 8.590370118666092], [-75.35961558194786, 8.67969686311375], [-75.34911049590617, 8.70074879264002], [-75.33635494764191, 8.695962737198593], [-75.34317282044114, 8.715190098929801], [-75.32418662957389, 8.755530957834752], [-75.368845141773, 8.791225194074666], [-75.37161046623504, 8.826524066272928], [-75.33163243086398, 8.86554061469796], [-75.29976252732988, 8.857992820731544], [-75.2931823510922, 8.897345426565524], [-75.27268860432015, 8.913643315430948], [-75.24464619855607, 8.882265813963928], [-75.21761676905686, 8.915399987266868], [-75.18634496705985, 8.914250151108119], [-75.18797468910856, 8.944173647912693], [-75.1717492256176, 8.928278261164747], [-75.1561085149836, 8.94359735094485], [-75.18783417695539, 8.967480017909363], [-75.2241369893165, 9.07311150234822], [-75.28108526613318, 9.072898987015257], [-75.29912655193299, 9.082513645214517], [-75.29356596328864, 9.096201572428754], [-75.3099748316723, 9.088795344910878], [-75.31007915913906, 9.117559545380669], [-75.38168889564227, 9.138074361368098], [-75.39087860173926, 9.16125859389112], [-75.44885677511392, 9.14008069498466], [-75.46740127378618, 9.164747777053671], [-75.4544167534116, 9.17601050335895], [-75.46620361119389, 9.208508822407996], [-75.45733589404603, 9.237595010296506], [-75.49976909515414, 9.259515877671198], [-75.49657144398705, 9.285696682435782], [-75.51230741998815, 9.258100528069981], [-75.60936712879763, 9.280988186028603], [-75.58766522127426, 9.30252713995383], [-75.62587714714206, 9.353087253723485], [-75.66100965402724, 9.361146726834383], [-75.67922332108652, 9.344264898353641], [-75.70440410327386, 9.372208407904264], [-75.69961827007329, 9.41192890059786], [-75.67117439785112, 9.405592737362428], [-75.61289630579672, 9.459007234562225], [-75.57074446561545, 9.59531155816647], [-75.61256853523555, 9.69450944970703], [-75.65379381314214, 9.707262168318605], [-75.70393844162871, 9.7005262991143], [-75.64220770698908, 9.75934288196795], [-75.6230643647645, 9.805418847038117], [-75.62094938101157, 9.876362486996507], [-75.5760071261046, 9.97053406429795], [-75.57362449393247, 10.08642805912272], [-75.49964087540418, 10.140958135023146]]]}}, {"type": "Feature", "properties": {"cod_dep": "73", "nombre": "Tolima"}, "geometry": {"type": "Polygon", "coordinates": [[[-75.58318665120684, 4.427537475286859], [-75.52462512605433, 4.497929644445787], [-75.51503550433004, 4.555587389006379], [-75.41566275989175, 4.621943608154316], [-75.42151430919463, 4.658615797041091], [-75.38317170693787, 4.704006128277814], [-75.3754990699747, 4.802684967114165], [-75.31872212180798, 4.888072056587709], [-75.35246287854997, 4.940566933801512], [-75.35272461981211, 4.966741005682477], [-75.31800828439343, 5.015353392358769], [-75.34879275668644, 5.057294908845453], [-75.34475243093303, 5.080784946408121], [-75.28799157902546, 5.138241079797909], [-75.23501705285203, 5.126000107091492], [-75.1715782431038, 5.170964781652026], [-75.11623493360068, 5.160564423123111], [-75.05662692788103, 5.275524318321499], [-74.9393769652039, 5.3130304208029], [-74.87281519678702, 5.294913989106312], [-74.82667114191553, 5.319335665010861], [-74.7544654395709, 5.281705116781372], [-74.73427576101992, 5.286864727264599], [-74.72335653803361, 5.239851579835589], [-74.73451143813267, 5.205506392794], [-74.71437376131516, 5.181701728570843], [-74.73188726283614, 5.143166312065365], [-74.71651731277666, 5.100709074313427], [-74.74320665684675, 5.00707704129263], [-74.70594330819917, 4.981370212365249], [-74.74876966696974, 4.957700821101301], [-74.73166516800869, 4.893990191401869], [-74.75492513861413, 4.885939931115553], [-74.76950798603565, 4.8429172359391], [-74.74437493685853, 4.82340395999489], [-74.74377632167091, 4.788256316186731], [-74.8191027277799, 4.725983841696114], [-74.80142603959239, 4.701718261844187], [-74.80720370692194, 4.669448788608808], [-74.78595081138523, 4.65352769323746], [-74.81630713732396, 4.611873898987136], [-74.79377694981318, 4.592081892691149], [-74.81494648103445, 4.58519170455792], [-74.78629374618085, 4.505935630983461], [-74.80731377915018, 4.453294472341231], [-74.8327494778266, 4.443616194779924], [-74.85582000716323, 4.334745323386897], [-74.8834814524209, 4.316994190292605], [-74.87308988838817, 4.306619973787964], [-74.89062890500247, 4.288733991922553], [-74.87709731908504, 4.265383331663744], [-74.81294372310741, 4.294094583112382], [-74.77944547161039, 4.283733412669345], [-74.76678804924286, 4.25119561391359], [-74.75121614081199, 4.258979298130134], [-74.74603910877504, 4.236826129371702], [-74.73409565205104, 4.247765500584688], [-74.68125929526335, 4.200886652258854], [-74.65947724160507, 4.21579101292671], [-74.65257673364684, 4.199561872102795], [-74.62452233062966, 4.22487462263322], [-74.61986229636365, 4.251868865320144], [-74.58854248288728, 4.267410675197575], [-74.56253002260506, 4.272129583394055], [-74.51885728299546, 4.240493218250572], [-74.47485337114122, 4.127918986844678], [-74.52975594427997, 4.04481036356963], [-74.53111440801972, 3.967602505419016], [-74.51125657924044, 3.946075540210642], [-74.5576029633899, 3.76706851007295], [-74.62486543064165, 3.698738428873071], [-74.67538138780735, 3.671716674009502], [-74.70098438831903, 3.615716061279599], [-74.73835439565897, 3.590761643345526], [-74.72862579686807, 3.551581166006168], [-74.78071953543551, 3.509714926957756], [-74.76450520323633, 3.440883008723323], [-74.81634722092545, 3.406429812896644], [-74.84849373909934, 3.340828074388247], [-74.90421337878242, 3.292120291921576], [-75.0006271560328, 3.276212289410204], [-75.07060673476397, 3.295296198698779], [-75.05688354286788, 3.377985855905558], [-75.02765311655418, 3.391391071193481], [-75.04603344082426, 3.431534699924429], [-75.14971765395279, 3.43493809003906], [-75.17416142500254, 3.408690381364677], [-75.17489824781302, 3.377309831117167], [-75.19988382778487, 3.384554626783875], [-75.20044408494638, 3.409430975633933], [-75.22674188774197, 3.415855522744719], [-75.25266898811303, 3.365717372016656], [-75.3188732878227, 3.41957782328657], [-75.34028960967969, 3.397965140090652], [-75.36645919425499, 3.406583221035589], [-75.37506495184117, 3.375148116933171], [-75.41496682010481, 3.371225067688584], [-75.4403539813622, 3.345254102621294], [-75.47880442684465, 3.361144243933819], [-75.4904242285595, 3.325911894248218], [-75.52669605610711, 3.319400604335821], [-75.52194690663129, 3.301228062186318], [-75.57584885023046, 3.22860159862453], [-75.58850585910919, 3.15582093026439], [-75.57669913812872, 3.142950579010467], [-75.62196413561169, 3.076383271742377], [-75.59993727739842, 3.047996571251452], [-75.62679704218594, 3.00235226023286], [-75.65981246339159, 2.986701841831804], [-75.69321488111159, 2.993391954301402], [-75.70271245704765, 2.969973677428436], [-75.7614999709556, 2.942320913416817], [-75.76295009856787, 2.914932280818185], [-75.80117136928065, 2.886228674826133], [-75.85739158634682, 2.871509000099471], [-75.92740629995872, 2.921416323802078], [-75.95340013690708, 2.917754833893725], [-75.98858766682622, 2.982543292802289], [-76.02899347341078, 2.94049025998926], [-76.02079985232, 3.003891668245136], [-76.04130435987074, 3.015879169762366], [-76.04489847274613, 3.043123450814778], [-76.07298183521036, 3.049592586830578], [-76.08227232469689, 3.090443273447124], [-76.10541139516035, 3.100556552984913], [-76.07372392032917, 3.122485233595384], [-76.09154232212033, 3.198297427615063], [-76.06040693818618, 3.202738200557549], [-76.05945334137213, 3.230826336910292], [-76.03858456615741, 3.251462004632395], [-76.05054373689919, 3.282022612944464], [-76.03783027675613, 3.300975020151484], [-76.06192015673045, 3.351665845799178], [-76.03144754120012, 3.382281647911831], [-76.0412956616036, 3.438280588034512], [-75.98395141534787, 3.559920514566347], [-75.99373121330653, 3.638368921017292], [-75.95040360786011, 3.673963280344486], [-75.96029830588377, 3.705705162760024], [-75.920134845558, 3.740431936094258], [-75.9032585253898, 3.796609739948698], [-75.8529548381422, 3.852220757708602], [-75.85837545066417, 3.881350971916422], [-75.81218765607116, 3.919411572958172], [-75.79146733767386, 3.971045968352119], [-75.79526276915395, 4.005061920613988], [-75.77649206029541, 4.003950288888723], [-75.7386965572442, 4.051671084910748], [-75.74710627499027, 4.095134911257817], [-75.69644123699173, 4.131950464042075], [-75.64331059965501, 4.246054306856893], [-75.59669063586729, 4.280261193965601], [-75.58318665120684, 4.427537475286859]]]}}, {"type": "Feature", "properties": {"cod_dep": "76", "nombre": "Valle del Cauca"}, "geometry": {"type": "Polygon", "coordinates": [[[-75.80391582682532, 4.396323974259371], [-75.78737066139993, 4.293618997726897], [-75.82399040707526, 4.225853200595493], [-75.81947313890508, 4.201624154409613], [-75.84296072070578, 4.150759053084215], [-75.83904134987903, 4.097565539846735], [-75.75239640707397, 4.077390707767238], [-75.7376446971797, 4.055111500012455], [-75.77649206029541, 4.003950288888723], [-75.79526276915395, 4.005061920613988], [-75.79146733767386, 3.971045968352119], [-75.81218765607116, 3.919411572958172], [-75.85837545066417, 3.881350971916422], [-75.8529548381422, 3.852220757708602], [-75.9032585253898, 3.796609739948698], [-75.920134845558, 3.740431936094258], [-75.96029830588377, 3.705705162760024], [-75.95040360786011, 3.673963280344486], [-75.99373121330653, 3.638368921017292], [-75.98395141534787, 3.559920514566347], [-76.0412956616036, 3.438280588034512], [-76.03144754120012, 3.382281647911831], [-76.06157751495934, 3.354054823584609], [-76.03777316957249, 3.300325428158117], [-76.05054373689919, 3.282022612944464], [-76.03858456615741, 3.251462004632395], [-76.06155283214842, 3.213216940007137], [-76.14586575775853, 3.222627438803003], [-76.1563607506076, 3.236033432987138], [-76.19134096516177, 3.227090298724747], [-76.2292590588744, 3.276831382972964], [-76.34323053357456, 3.280331805529779], [-76.46042111498829, 3.328941157760491], [-76.46847171922445, 3.310691141202933], [-76.47835459729536, 3.319253032390267], [-76.47743844929198, 3.294030958280599], [-76.4891449743614, 3.304962085143755], [-76.49418354301845, 3.29284739715586], [-76.47517003424296, 3.287656576704564], [-76.48718896871087, 3.282453878878708], [-76.45982971426825, 3.256307644149872], [-76.47557642354288, 3.257710378717515], [-76.46205459102791, 3.249216675900289], [-76.47734017568297, 3.232577199280424], [-76.4654378407793, 3.227501361222695], [-76.49815291408532, 3.203176846738982], [-76.48711522126287, 3.173837068627118], [-76.50780432806837, 3.157282195244487], [-76.5007663396084, 3.144011067818105], [-76.51976224330403, 3.149732443002667], [-76.51776143025772, 3.134485531796255], [-76.53266100905903, 3.135689744365248], [-76.5136065262131, 3.120345187636668], [-76.53085831881158, 3.123562925094118], [-76.55591889013655, 3.099491897237655], [-76.57286547379445, 3.12876808042841], [-76.59882072121118, 3.105098939900025], [-76.59297666532375, 3.093563642307188], [-76.61012673923635, 3.091238523557306], [-76.62979485781297, 3.12841472186114], [-76.66499721519327, 3.098666206980278], [-76.73340928099933, 3.124887506754857], [-76.74979676561685, 3.14621775181181], [-76.73920540406745, 3.186136884902704], [-76.77291308154572, 3.233705681314642], [-76.80939152082779, 3.207540156334058], [-76.90804959894844, 3.201370375843027], [-76.91548259416285, 3.14946404543872], [-76.93848596921136, 3.113962039282532], [-76.97188179494282, 3.118785590982283], [-76.99675426261975, 3.154809286326409], [-77.09839111236921, 3.185972449733309], [-77.12964520212182, 3.161248339238327], [-77.15929896476615, 3.174311547302426], [-77.23410234333765, 3.108080018355358], [-77.24470335502367, 3.126311022370781], [-77.25232444051011, 3.115159639583253], [-77.2615872098683, 3.135143345929627], [-77.28844829795624, 3.138130374723118], [-77.27986551410125, 3.159373828649827], [-77.3171767609368, 3.174220741832176], [-77.34620389949539, 3.140151947370846], [-77.36583777776293, 3.146511867906306], [-77.38207953418286, 3.20338749572435], [-77.42907036636997, 3.253708732143973], [-77.47071315630183, 3.236963295172562], [-77.46206467143875, 3.226700085320104], [-77.4763800842073, 3.209756282433913], [-77.50406668841708, 3.222277583813076], [-77.4987220098328, 3.234021126822786], [-77.54832375186676, 3.225895401820379], [-77.47989997236066, 3.323103918826753], [-77.42738844192249, 3.368004477940298], [-77.41321399302048, 3.355615020821181], [-77.36459261536037, 3.447973800242114], [-77.35566904306214, 3.410341136388163], [-77.33245859102873, 3.426580957197729], [-77.33704941350027, 3.448745115195379], [-77.37074723256619, 3.475059762027072], [-77.30039393244515, 3.569990211627478], [-77.23594759331085, 3.577383559757191], [-77.1957116039365, 3.610706874835941], [-77.18916570679382, 3.65316359737167], [-77.16563045831786, 3.644685575184402], [-77.16541392812002, 3.684760456816462], [-77.18911573767234, 3.681389652629657], [-77.19696498482877, 3.720842011412471], [-77.1969649844175, 3.750506750328614], [-77.16599778542705, 3.757543655156165], [-77.18179564492088, 3.80940227166803], [-77.13486060593512, 3.804849622041302], [-77.10634704732556, 3.848804132627108], [-77.05287072256237, 3.874846509308627], [-77.07347234402523, 3.879512999104941], [-77.08674104794967, 3.905189838959494], [-77.09748659196326, 3.875339929003925], [-77.13274400079477, 3.872541742687681], [-77.18047382075285, 3.831657042621952], [-77.28159260089808, 3.839440357244134], [-77.30512725701138, 3.87367141421942], [-77.28628828340396, 3.895259411205227], [-77.32076095399361, 3.902544545691448], [-77.31752548142164, 3.950327094112748], [-77.29001772352649, 3.979121544981934], [-77.22360795946626, 3.996051038884228], [-77.19459992867303, 4.052762863382657], [-77.228707265326, 4.059066314140328], [-77.23233163172225, 4.081427528269508], [-77.26158182504513, 4.060422179417452], [-77.26860465549483, 4.077040476188561], [-77.30721077755787, 4.042318809548541], [-77.32438326360855, 3.97268695739921], [-77.36002706826409, 3.927196713402341], [-77.4496215931384, 4.038513453037711], [-77.42890547356379, 4.093080151404749], [-77.43580591028349, 4.14578521372385], [-77.39032846287998, 4.148491848560027], [-77.3529530789903, 4.197473054405503], [-77.30545259755864, 4.16648212634097], [-77.27911196434039, 4.222661200136751], [-77.25348516997309, 4.2341539986992], [-77.24988028571663, 4.187718815206432], [-77.2231827336273, 4.15720222922568], [-77.15956531530931, 4.183728670274021], [-77.10483301840743, 4.107731263283332], [-77.08618870017199, 4.122609050587346], [-77.06798114708688, 4.096010139130262], [-77.03557288770557, 4.091298805961292], [-77.00475410900994, 4.098855975372963], [-76.99499831836657, 4.120390097217137], [-76.95443445724106, 4.120651839079937], [-76.91474525622351, 4.097745228035047], [-76.867439713124, 4.032366970380225], [-76.82344577253487, 4.032658315878049], [-76.81531883078036, 4.007013071587838], [-76.79419543541044, 4.011379980706143], [-76.76766947298604, 3.988654025912182], [-76.68241933450587, 3.964883212625701], [-76.62457012772292, 4.014874453154159], [-76.59285642095251, 3.998457406282587], [-76.58902549186712, 3.97070099116794], [-76.5372731276644, 4.016208780394319], [-76.54152550004021, 4.043732605332199], [-76.52441735509022, 4.067284281958035], [-76.49441532149362, 4.069537958807398], [-76.44487675585033, 4.175693045412472], [-76.45501005706245, 4.229461956387043], [-76.48710820609823, 4.235532126067135], [-76.52663543010387, 4.288619924132067], [-76.52792248147414, 4.323538175579117], [-76.56201886480916, 4.369734354295232], [-76.55520527823023, 4.39919536689005], [-76.48213354694657, 4.414071981043219], [-76.41831526237281, 4.447818701674233], [-76.38296956508891, 4.492769429650567], [-76.36524926309612, 4.49162746683044], [-76.40375935578155, 4.534967258998916], [-76.3812725200838, 4.559631297103387], [-76.34461625282071, 4.561772771648123], [-76.31936076218072, 4.607949755689649], [-76.28568988194368, 4.712403821373717], [-76.31210694277445, 4.750618884009173], [-76.21266894822175, 4.828868902830027], [-76.13862640631082, 4.842014091809568], [-76.11414051805122, 4.890401918971913], [-76.13059655562424, 4.911196500938766], [-76.09968353990521, 4.917179196775831], [-76.08869594821122, 4.946136609166206], [-76.09089193057989, 5.043017783201893], [-76.07714340483003, 5.047393612344787], [-76.04908864498742, 5.007150576730107], [-76.02771486917668, 4.938596695306238], [-75.98757546419468, 4.911401055124704], [-75.98049555115097, 4.866274541166872], [-75.94168780736432, 4.856791181164399], [-75.91424119209414, 4.873511814762256], [-75.90103888004765, 4.852920900926554], [-75.91076111390097, 4.816590696782982], [-75.93588822223687, 4.806965777055725], [-75.91747119408244, 4.794485506166009], [-75.9224350164133, 4.760161121897664], [-75.88863634960991, 4.754680601580589], [-75.85229297953413, 4.778725151125487], [-75.85609931132605, 4.727830005998147], [-75.83109515707876, 4.737821917817315], [-75.78943117188064, 4.716125343407001], [-75.71360663722818, 4.713757297931505], [-75.70846995342488, 4.655063982210802], [-75.82508812174513, 4.663469883299296], [-75.86686471507758, 4.610992827629555], [-75.88143872285585, 4.467822323391061], [-75.86547679982337, 4.454767241688347], [-75.88809119754501, 4.446693728675568], [-75.8949314681292, 4.417139115424725], [-75.80391582682532, 4.396323974259371]]]}}, {"type": "Feature", "properties": {"cod_dep": "81", "nombre": "Arauca"}, "geometry": {"type": "Polygon", "coordinates": [[[-70.68226436607463, 7.103147242495964], [-70.60736757416336, 7.063371478692328], [-70.55563419778696, 7.078890213892065], [-70.5025721985715, 7.005470480979264], [-70.43025814070455, 7.007180791451534], [-70.41617561705627, 6.980817722020518], [-70.3714918288123, 6.980876701844321], [-70.36023080544552, 6.955962608246319], [-70.32257583563621, 6.934743765169697], [-70.26622198020867, 6.940823531310794], [-70.22393527987391, 6.974891220846141], [-70.11801199554665, 6.97955011840832], [-69.42884874140029, 6.109079082208101], [-69.45249231287347, 6.083334804197294], [-69.54154856868539, 6.043653389288914], [-69.68257957812231, 6.038423383081817], [-69.78431687607004, 6.058551862084086], [-69.86819605595336, 6.041670135376373], [-69.89727202443083, 6.059661935128023], [-69.89949158520022, 6.096273439707948], [-69.94624554130127, 6.14083752867167], [-69.98518700078307, 6.136569834316042], [-69.9900648962975, 6.165896686971402], [-70.00267603925012, 6.148883544331944], [-70.05799850593576, 6.158698817654104], [-70.04009306301029, 6.184634941721321], [-70.06019950834933, 6.18505134791188], [-70.06620764737814, 6.211463364977902], [-70.11474865007625, 6.232819027138934], [-70.12206549268033, 6.26172947804844], [-70.14953311605639, 6.268865828331047], [-70.16149481198201, 6.298341159848408], [-70.17518579286308, 6.279017801364223], [-70.19837797918339, 6.295743210699486], [-70.27148248527087, 6.273911876029361], [-70.38094411386578, 6.302418229877803], [-70.43069382679815, 6.29150248139412], [-70.43067458387054, 6.278045330281829], [-70.53054745485646, 6.230093006305979], [-70.53902402424848, 6.245049617165479], [-70.57967039493009, 6.249620020920799], [-70.63077194305892, 6.227145677905495], [-70.72578167445238, 6.216413650872826], [-70.79716857307841, 6.253488898642165], [-70.86115971327622, 6.239347343672544], [-70.86790894064531, 6.221621520298768], [-70.89582831182761, 6.235699882769181], [-70.98516212737623, 6.228832619434884], [-71.03471473319618, 6.266203114144882], [-71.0353970926888, 6.254611363031649], [-71.05979225123154, 6.254616231090828], [-71.09258058337154, 6.279136259130353], [-71.15814773007638, 6.262923289764205], [-71.22054826119384, 6.298307339956305], [-71.23358869107582, 6.26360848169278], [-71.26766768664712, 6.28498035060544], [-71.272381264872, 6.261382433665221], [-71.29775960822369, 6.271839640965495], [-71.33245149841188, 6.25660159495148], [-71.34860390858925, 6.22917025180552], [-71.37788729239892, 6.225152100071531], [-71.38066985701577, 6.241304667355785], [-71.4142768135608, 6.243408782979655], [-71.42086363742136, 6.225106762020761], [-71.44870657807819, 6.245797256098817], [-71.43966115858785, 6.214917760716323], [-71.45634203913684, 6.222890984953753], [-71.4871695537904, 6.201425766049307], [-71.49661020188273, 6.216596223755029], [-71.509791491804, 6.197752104782774], [-71.53515600356121, 6.225636468018398], [-71.55329994863912, 6.197159800610333], [-71.57402862509464, 6.209792057593751], [-71.57515861718245, 6.191105987818016], [-71.59260548611557, 6.211425088350319], [-71.61227911107169, 6.210089733610874], [-71.6140053766932, 6.226829022383508], [-71.63758817495489, 6.228698634959028], [-71.67148725263804, 6.190366600438648], [-71.82407658860993, 6.187244495714427], [-71.87939256611354, 6.159145501959321], [-71.95471397877952, 6.168989001709547], [-72.0104107416498, 6.129982941084242], [-72.07744423131756, 6.112930117995439], [-72.13766171731845, 6.066610130642758], [-72.26266724226676, 6.123247364444012], [-72.28903750412081, 6.16320391363528], [-72.28661633708516, 6.199894599172873], [-72.34387879885453, 6.226032078333239], [-72.36662389725828, 6.30689156492851], [-72.34589915674452, 6.341574378812891], [-72.31709221369174, 6.334699434624632], [-72.3156528243804, 6.3575165581201], [-72.28271603059044, 6.379385893307744], [-72.26787216722425, 6.441579420228914], [-72.23508261402424, 6.421961237358401], [-72.21375443758373, 6.465485813336506], [-72.17474644203789, 6.463005667865259], [-72.17788400999542, 6.496758419083032], [-72.1308951373068, 6.520588905859013], [-72.1128163172838, 6.612115457710849], [-72.09142715223571, 6.645960284995474], [-72.10012238882813, 6.747193736007926], [-72.05060356496233, 6.768895848556046], [-71.9495970640051, 7.009866413674714], [-71.84540984298191, 7.00820278299851], [-71.81773671122687, 7.03254466918494], [-71.82306670357588, 7.054917551258537], [-71.75789326699199, 7.064578162296093], [-71.70913811058367, 7.02871968523058], [-71.65676617369103, 7.031955752412862], [-71.63137732488296, 7.054679604726414], [-71.59723205929808, 7.034121061623414], [-71.5887373840699, 7.01077854936531], [-71.55759023894119, 7.032978920182249], [-71.46821768377046, 7.007494893494173], [-71.4238576881332, 7.037176115638193], [-71.36880442709672, 7.014166663704446], [-71.26528866550035, 7.03216013889523], [-71.24201976945393, 7.010602892614069], [-71.22805725130333, 7.026878238822964], [-71.19122416631748, 7.018409161705547], [-71.1300873808797, 7.0327074240222], [-71.1023428651097, 7.00584806796656], [-71.11181996273397, 6.989578256808425], [-71.02212819831927, 6.973209312041774], [-70.9933689520097, 6.983589748567335], [-70.96646136508836, 7.018730469919765], [-70.92308961461694, 7.023992092733476], [-70.91867809730752, 7.05211842057557], [-70.90475824731091, 7.037431288813515], [-70.88526570273821, 7.063776680926823], [-70.85269564014283, 7.052774053301754], [-70.85415662980354, 7.076549627738272], [-70.7782687988764, 7.075882887793148], [-70.75963016161698, 7.096694144835999], [-70.73614006671706, 7.08779414530637], [-70.68226436607463, 7.103147242495964]]]}}, {"type": "Feature", "properties": {"cod_dep": "85", "nombre": "Casanare"}, "geometry": {"type": "Polygon", "coordinates": [[[-72.3388532838122, 6.344705352888674], [-72.36662389725828, 6.30689156492851], [-72.34387879885453, 6.226032078333239], [-72.28661633708516, 6.199894599172873], [-72.28903750412081, 6.16320391363528], [-72.26266724226676, 6.123247364444012], [-72.13967875881316, 6.066683698624673], [-72.07744423131756, 6.112930117995439], [-72.0104107416498, 6.129982941084242], [-71.95471397877952, 6.168989001709547], [-71.87939256611354, 6.159145501959321], [-71.82407658860993, 6.187244495714427], [-71.67148725263804, 6.190366600438648], [-71.63758817495489, 6.228698634959028], [-71.6140053766932, 6.226829022383508], [-71.61227911107169, 6.210089733610874], [-71.59260548611557, 6.211425088350319], [-71.57515861718245, 6.191105987818016], [-71.57402862509464, 6.209792057593751], [-71.55329994863912, 6.197159800610333], [-71.53515600356121, 6.225636468018398], [-71.509791491804, 6.197752104782774], [-71.49661020188273, 6.216596223755029], [-71.4871695537904, 6.201425766049307], [-71.45634203913684, 6.222890984953753], [-71.43966115858785, 6.214917760716323], [-71.44870657807819, 6.245797256098817], [-71.42086363742136, 6.225106762020761], [-71.4142768135608, 6.243408782979655], [-71.38066985701577, 6.241304667355785], [-71.37788729239892, 6.225152100071531], [-71.34860390858925, 6.22917025180552], [-71.33245149841188, 6.25660159495148], [-71.29775960822369, 6.271839640965495], [-71.272381264872, 6.261382433665221], [-71.26766768664712, 6.28498035060544], [-71.23358869107582, 6.26360848169278], [-71.22054826119384, 6.298307339956305], [-71.15814773007638, 6.262923289764205], [-71.09258058337154, 6.279136259130353], [-71.05979225123154, 6.254616231090828], [-71.0353970926888, 6.254611363031649], [-71.03471473319618, 6.266203114144882], [-70.98516212737623, 6.228832619434884], [-70.89582831182761, 6.235699882769181], [-70.86790894064531, 6.221621520298768], [-70.86115971327622, 6.239347343672544], [-70.79716857307841, 6.253488898642165], [-70.72578167445238, 6.216413650872826], [-70.63077194305892, 6.227145677905495], [-70.57967039493009, 6.249620020920799], [-70.53902402424848, 6.245049617165479], [-70.53054745485646, 6.230093006305979], [-70.43067458387054, 6.278045330281829], [-70.43069382679815, 6.29150248139412], [-70.3671059197964, 6.302728516215342], [-70.27148248527087, 6.273911876029361], [-70.19837797918339, 6.295743210699486], [-70.17518579286308, 6.279017801364223], [-70.15456348215072, 6.297162742940862], [-70.15406468445995, 6.274973998289004], [-70.12343368321524, 6.263335616323714], [-70.11474865007625, 6.232819027138934], [-70.06620764737814, 6.211463364977902], [-70.06019950834933, 6.18505134791188], [-70.04009306301029, 6.184634941721321], [-70.05799850593576, 6.158698817654104], [-70.00267603925012, 6.148883544331944], [-69.98548443265982, 6.164469010960508], [-69.98518700078307, 6.136569834316042], [-69.94812208636625, 6.141929801160311], [-69.90029130290507, 6.097473018891765], [-69.89184521232043, 6.054007517080422], [-69.83590992218369, 6.04126087927366], [-69.85434847028179, 5.984467761717069], [-69.88279431016834, 5.969788246166695], [-69.93252810210159, 5.876453496673865], [-69.9663435462872, 5.861554877979548], [-69.9788154123795, 5.80733830196517], [-70.04377798477726, 5.746221488851867], [-70.05178752698174, 5.711249076292134], [-70.1149486973066, 5.631451077335899], [-70.1531449972397, 5.60090358211075], [-70.19466896316322, 5.60315670140324], [-70.26382741384525, 5.563574957948449], [-70.36052292822123, 5.587024911602874], [-70.4205711416763, 5.534468389216504], [-70.60321784041987, 5.423740060279609], [-70.68003123798938, 5.361006077902284], [-70.67410880405886, 5.315471392284959], [-70.6953925167358, 5.281800578202593], [-70.86203791604977, 5.144214698297022], [-70.91457082382031, 5.140522910750229], [-70.9498731144439, 5.117714029796552], [-71.0018935682656, 4.980725215287265], [-71.05733578126635, 4.905705720955921], [-71.21174826891367, 4.817327841262609], [-71.28827875144952, 4.80305107480798], [-71.32277522592247, 4.766715396149554], [-71.39016833927401, 4.756689489896277], [-71.429298040567, 4.723292070588816], [-71.57675918876683, 4.675033444039816], [-71.59792645191645, 4.645268783323205], [-71.7323871500226, 4.575305904376377], [-71.8067499403564, 4.58354765138421], [-71.99029580014813, 4.383538348173184], [-72.06063925677783, 4.375000940384584], [-72.07084045171408, 4.408092705244364], [-72.14310961292794, 4.440299600308911], [-72.24339790782112, 4.43456317442692], [-72.3028578629812, 4.408411274021762], [-72.32050271823462, 4.370916437981466], [-72.34219294369302, 4.371529785215505], [-72.35621694302444, 4.341740619242088], [-72.40503585020664, 4.317859741392732], [-72.42794812825282, 4.353705209347123], [-72.46681826638492, 4.317375378178255], [-72.54783745480327, 4.354675084282071], [-72.57346878668379, 4.325484146404752], [-72.57344579094809, 4.302140506202105], [-72.67586593474145, 4.317383419106724], [-72.69359774073753, 4.287475985734718], [-72.76946747418121, 4.333179630581443], [-72.76297241469969, 4.347836044628969], [-72.77968872572569, 4.352769038689782], [-72.7689165531654, 4.366389539877132], [-72.80058469436496, 4.378346512095901], [-72.78827263370698, 4.397520176407531], [-72.82503054872129, 4.417614490154968], [-72.81347202256785, 4.429805941396512], [-72.87017430373683, 4.45071295742207], [-72.93792698801205, 4.522740793876672], [-72.96797562312618, 4.599190898872517], [-73.01685936512904, 4.635607112570499], [-73.0503727495554, 4.692695215686898], [-73.04572373243897, 4.75798013225385], [-73.07771915334902, 4.810741989065907], [-73.0414836518242, 4.87832679281035], [-73.04891942014167, 4.923633778361087], [-73.01984458379687, 5.001595162993233], [-72.97528364739243, 4.974758154348483], [-72.90382123392294, 5.067931974894194], [-72.908440181414, 5.102479661710295], [-72.92859167157319, 5.099673012306742], [-72.97389066876694, 5.150364404583248], [-72.89620702209962, 5.262083710962772], [-72.88271031773715, 5.363227945224855], [-72.85954502502594, 5.34039042540822], [-72.79832219619257, 5.380142863414357], [-72.75688995099627, 5.331374542845537], [-72.7255818464289, 5.318019246421913], [-72.70056665220125, 5.273278446707158], [-72.62031404396609, 5.351217523836995], [-72.57975046104247, 5.35033419085145], [-72.56723763514347, 5.37337261979478], [-72.58397811983772, 5.381988632683242], [-72.50343391539897, 5.443027437830924], [-72.48985701792779, 5.481831435321781], [-72.44239468061966, 5.519263598120904], [-72.42090449604467, 5.563237949306197], [-72.39650196060455, 5.570242257752736], [-72.33039167024286, 5.497636198280981], [-72.2952919167981, 5.514952802344294], [-72.2890441168879, 5.600283359404852], [-72.26268897160551, 5.633537192119284], [-72.2721380934126, 5.662216044318209], [-72.22142590437456, 5.676040322167332], [-72.24966973690559, 5.685253602451758], [-72.28038479987914, 5.749550322140851], [-72.30046747233855, 5.758265913353089], [-72.30759574535973, 5.792798587758051], [-72.46306760008265, 5.848494086715499], [-72.45089407169311, 5.878371555864664], [-72.41554955811957, 5.90401135940739], [-72.33603489584166, 5.889573605226639], [-72.32766273835776, 5.901714703341222], [-72.33978252323482, 5.99849261758202], [-72.36550568025643, 6.036703418002959], [-72.32153932029183, 6.06783868170614], [-72.32120409475172, 6.088204321135825], [-72.36663860710806, 6.076834828876416], [-72.37537916089946, 6.092501594720122], [-72.36408147990667, 6.099325889245406], [-72.38917830724297, 6.123736823348314], [-72.37391213140673, 6.147698649983944], [-72.39310468439365, 6.161569468432089], [-72.39252884225498, 6.188325491406321], [-72.41894639567109, 6.186686888978294], [-72.38724316667317, 6.261007193883565], [-72.39614714291642, 6.274157047752135], [-72.3553879634031, 6.341915728398898], [-72.3388532838122, 6.344705352888674]]]}}, {"type": "Feature", "properties": {"cod_dep": "86", "nombre": "Putumayo"}, "geometry": {"type": "Polygon", "coordinates": [[[-76.67233480880188, 1.46730381436895], [-76.57401904617542, 1.385757942351598], [-76.58430603248391, 1.343552960739018], [-76.57096877995406, 1.328000152678561], [-76.58601648678989, 1.300631593880425], [-76.56570961245657, 1.238546235358854], [-76.53723426988886, 1.209197099313678], [-76.56811972258194, 1.08257285673564], [-76.54496998632793, 1.037670643760075], [-76.49345571656382, 1.028179556610647], [-76.44489909402628, 0.969267904557293], [-76.4121577861743, 0.960959107422845], [-76.40171466483147, 0.979936151383558], [-76.36967911182833, 0.983902896571136], [-76.33513439803704, 0.980594310926631], [-76.33022413875467, 0.958373482894967], [-76.29798893985446, 0.960577521905142], [-76.27601534412597, 0.983689653940674], [-76.2356961981199, 0.964531991385444], [-76.23641736279866, 0.982041229025733], [-76.19059380592132, 0.993433482748842], [-76.2088159970479, 1.005360402175804], [-76.20328870695815, 1.017774101195937], [-76.1830803103408, 1.013219191852139], [-76.18370140911489, 1.026127637329032], [-76.12614018979718, 1.006631631691263], [-76.10397565575293, 1.025226433304498], [-76.08044257571258, 1.021186752978723], [-76.0895908052745, 1.057800923235274], [-76.04818477096914, 1.046189012676626], [-76.00606692261324, 1.055028691893017], [-75.99285258075123, 1.027615955307081], [-75.99420576196243, 1.072586516841466], [-75.9476244270373, 1.030694976195871], [-75.92428342119725, 1.033602361550171], [-75.94692800556804, 0.982914445327398], [-75.90917967509908, 0.973059218238418], [-75.85659685195951, 0.885003547241949], [-75.828524756228, 0.873841750175605], [-75.80017786986245, 0.895733673561578], [-75.7622797969617, 0.837762037182285], [-75.73095364370255, 0.858704556558486], [-75.68192712011619, 0.856908230171106], [-75.63635693887396, 0.876738391450038], [-75.60777152030829, 0.838261015171914], [-75.53793007170637, 0.82680089801304], [-75.53839243990126, 0.788592482817759], [-75.50501787301175, 0.76694525060049], [-75.48306927860801, 0.782966310433284], [-75.4687495299201, 0.758837270558383], [-75.40904840020995, 0.73778412630747], [-75.3398066151195, 0.769234912024034], [-75.2975044473702, 0.729489437256619], [-75.2656014683644, 0.725637645847772], [-75.25709355854879, 0.703394747576792], [-75.27616684431456, 0.667416861322087], [-75.22033717007454, 0.63327401320206], [-75.20709660865653, 0.59525541089792], [-75.23530705915155, 0.565027047111316], [-75.19829850082633, 0.503359569751486], [-75.21686331689646, 0.486610879687456], [-75.15372400779198, 0.481267639320536], [-75.10698910130802, 0.512868184575346], [-75.09395337103298, 0.501204636629602], [-75.10490969586898, 0.473196136928316], [-75.0350452056254, 0.484423806233057], [-75.01831001910323, 0.472377205375365], [-74.98287149869111, 0.408826599907295], [-75.01656779010153, 0.38343049914577], [-75.00713612668507, 0.342273349330691], [-74.97988594818088, 0.314620240218375], [-75.01057731158633, 0.291450435161776], [-75.00388804265833, 0.273203019259956], [-74.95938186583815, 0.242488040960786], [-74.89297919840789, 0.249197365070918], [-74.84086563093088, 0.213040696715086], [-74.73654419612899, 0.2096059458085], [-74.68056156470749, 0.165404297364996], [-74.67529088889677, 0.099734720811569], [-74.69069369928081, 0.087823329447111], [-74.71350943416567, 0.095274860957624], [-74.65616494812484, 0.073307407914223], [-74.67455017421715, 0.045878623995815], [-74.70457343368373, 0.041480282758001], [-74.65637058998196, -0.01157268094009], [-74.67734440967969, -0.060500079079229], [-74.64856883010046, -0.038947059985076], [-74.63136489708303, -0.044054765244233], [-74.61599774139817, -0.062173783029817], [-74.63176806980542, -0.088456817811986], [-74.53231872024124, -0.125680551222958], [-74.53465740335358, -0.095142942333603], [-74.51896252372222, -0.088610214570539], [-74.49715642306938, -0.137379661883049], [-74.47482125974335, -0.130315317165276], [-74.45437189410238, -0.070759151786285], [-74.42335949132823, -0.097954904236858], [-74.44627419143315, -0.139595901951224], [-74.4018544611612, -0.114287658710965], [-74.34186599920369, -0.109654345640698], [-74.30308120092171, -0.147485689656143], [-74.2667859927735, -0.142548217400774], [-74.2894239344235, -0.200358145182501], [-74.24045202513874, -0.234695413269707], [-74.20030798609065, -0.209778861203152], [-74.18831047334588, -0.258549350147604], [-74.16846491885944, -0.266525974253228], [-74.1430352032919, -0.237962738939543], [-74.11156896123966, -0.235076117564556], [-74.08176282413939, -0.279820411789746], [-74.04466858388675, -0.274762655616215], [-74.0384001489915, -0.306059985397783], [-74.00723132070691, -0.340583142195277], [-73.88192101966237, -0.369741395665152], [-73.84131793342733, -0.397977579774171], [-74.38563286223258, -0.552700553901247], [-74.39316265297971, -0.5394441161556], [-74.41888459257183, -0.54816177311059], [-74.4209426603611, -0.499173319367156], [-74.4737937647283, -0.470814959004028], [-74.4992350030239, -0.485873822258039], [-74.49318843053896, -0.460718658011064], [-74.52546253270407, -0.46451526838792], [-74.54429907994871, -0.416454483177213], [-74.59734919421804, -0.379149173143316], [-74.60864373524493, -0.349658469022], [-74.66266358411815, -0.373216814485125], [-74.68200120620594, -0.325586685185325], [-74.72016306377782, -0.344467639460069], [-74.72836265777829, -0.290006992391722], [-74.79199318360271, -0.18709639508477], [-74.82911678172161, -0.1960825168144], [-74.87127165890186, -0.238864558997456], [-74.91137298139024, -0.201957924585193], [-74.92842887875089, -0.216446784881752], [-74.972238006991, -0.151303864153094], [-75.01855356329712, -0.136470982388888], [-75.0803231811612, -0.074029167101895], [-75.1243150041484, -0.070074597691098], [-75.18209969869876, -0.035050128408536], [-75.2245397913179, -0.04702918361341], [-75.2253954380845, -0.076919767902038], [-75.27684834571033, -0.118618238102475], [-75.34142117429333, -0.088727685460534], [-75.4059369590863, -0.090267847777445], [-75.52962568425328, -0.015538617961493], [-75.57669706850045, -0.022054124233813], [-75.58050815977742, 0.015264675063671], [-75.60845929628589, 0.017261184621591], [-75.63116246452358, 0.050060980112361], [-75.6481042754638, 0.032719872866243], [-75.66173758404354, 0.048463774075886], [-75.75180869402752, 0.038937572940091], [-75.80560036941216, 0.053369480848126], [-75.84882005085255, 0.130330072316836], [-75.86108432517898, 0.137507980571625], [-75.87601958122991, 0.120316761390834], [-75.882158590868, 0.14180329391111], [-75.90329624478662, 0.13931434100726], [-75.89143848864116, 0.156960460311182], [-75.9468391705609, 0.205864359556204], [-75.95717758942097, 0.238567829356403], [-76.00433324732305, 0.249643603676433], [-75.98208642500616, 0.261384865805878], [-76.01388797258561, 0.306686063990273], [-76.03741826491931, 0.308349797686621], [-76.06461516438812, 0.340674514728732], [-76.1121035744898, 0.316098834577711], [-76.13261652206349, 0.375858743815834], [-76.15785810961765, 0.389192280459468], [-76.18294625668518, 0.37239685995682], [-76.2110151809513, 0.388051443580216], [-76.22538292031528, 0.379209955565897], [-76.23197853292547, 0.404058790551201], [-76.25925228152025, 0.403951837790871], [-76.25839663455521, 0.424950291621192], [-76.2765078295494, 0.437974771443071], [-76.29785146891834, 0.422288351823392], [-76.31757888675591, 0.434029401913965], [-76.34524480635962, 0.381503514762717], [-76.37181740068642, 0.396049178762581], [-76.41192500012363, 0.37921666978757], [-76.41226226653879, 0.242539691033066], [-76.42296289510227, 0.235378283223676], [-76.4327664929858, 0.261604765135064], [-76.44893650264079, 0.239791392257846], [-76.50377352775632, 0.236985181695831], [-76.5369759087571, 0.26007903539955], [-76.58716561780894, 0.218966352971777], [-76.62595183627427, 0.262486048986601], [-76.65249448115293, 0.251705507102862], [-76.65888621700671, 0.274225373152557], [-76.71252382417059, 0.269633361497958], [-76.73302653829444, 0.289957568701542], [-76.76817771084613, 0.263589171954527], [-76.75672974938944, 0.24846931809249], [-76.7976280974974, 0.264989110474584], [-76.84567706448533, 0.239966188493369], [-76.91065605804654, 0.24799080302775], [-76.93478360593451, 0.262073718229766], [-76.9338260601633, 0.27803596134904], [-76.98741947376358, 0.270731523658134], [-77.00387299727788, 0.297188827443261], [-77.0288777050668, 0.277625096248701], [-77.04707730072808, 0.293313601167314], [-77.0767984136417, 0.285322526518595], [-77.11339358972518, 0.372649805510553], [-77.08802356102451, 0.39463136489673], [-77.0991521177214, 0.410616461625375], [-77.0890790656061, 0.424384399911873], [-77.10761896837856, 0.442476887063084], [-77.10207153500504, 0.47037543984432], [-77.13023085058569, 0.524501762256192], [-77.11735945854555, 0.591361340070383], [-77.18680573174261, 0.630954062010916], [-77.13915418508067, 0.821510241710512], [-77.10207218369267, 0.833648758332262], [-77.1212090055146, 0.893162328798351], [-77.07274999991952, 0.942312985822623], [-77.07377605649894, 0.969696412623262], [-77.0280668894519, 0.994931269286031], [-77.03679967578047, 1.047059031067521], [-77.05812916471903, 1.034295600259132], [-77.093180528622, 1.07549311159388], [-77.09730413494168, 1.164261284640659], [-77.08843350333063, 1.183373113646045], [-77.02095789735898, 1.19622027412007], [-76.98110979276532, 1.222788886274689], [-76.9794127084876, 1.286688015397469], [-76.93606952937597, 1.274616351852016], [-76.90415224798309, 1.320942951190488], [-76.92125298496347, 1.344834773063143], [-76.8868063670547, 1.371843587892027], [-76.69722120630317, 1.44398641757496], [-76.67233480880188, 1.46730381436895]]]}}, {"type": "Feature", "properties": {"cod_dep": "88", "nombre": "Archipiélago de San Andrés, Providencia y Santa Catalina"}, "geometry": {"type": "MultiPolygon", "coordinates": [[[[-81.70394142871936, 12.594852771473981], [-81.686708383186, 12.580878893880296], [-81.70732455474494, 12.572656909328941], [-81.70325604020736, 12.543734664515384], [-81.73022096566496, 12.480368454263829], [-81.7323329765511, 12.555137788991088], [-81.70394142871936, 12.594852771473981]]], [[[-81.36694347777738, 13.38592493040079], [-81.35446238550169, 13.37730651710779], [-81.34971621734415, 13.356881917837983], [-81.3891145499655, 13.320745829451738], [-81.39234494208053, 13.359063226088209], [-81.36694347777738, 13.38592493040079]]], [[[-81.37969407642478, 13.391447999123804], [-81.36754925720507, 13.386046403172399], [-81.37675457389876, 13.381503759312071], [-81.37969407642478, 13.391447999123804]]]]}}, {"type": "Feature", "properties": {"cod_dep": "91", "nombre": "Amazonas"}, "geometry": {"type": "Polygon", "coordinates": [[[-71.14469343465777, 0.055716393852193], [-71.13397983684733, 0.004169836803858], [-71.10433214390139, 0.026001318728175], [-71.09503354975983, -0.008160906635088], [-71.03951150686906, -0.004522327737873], [-71.05305511178625, -0.027701434364428], [-71.03108886701001, -0.047444100961614], [-71.01208739120923, -0.041514559660451], [-71.0157259717429, -0.01247330101933], [-70.99173829264397, -0.001961844315426], [-70.96889609292928, -0.009306385697749], [-70.96128202676026, -0.039830031669685], [-70.92725456070923, -0.051756491432302], [-70.92658074961128, -0.088883491041337], [-70.89214135003778, -0.11617370512561], [-70.90157342675917, -0.132506426871473], [-70.93070008732143, -0.129012186939122], [-70.94654606419637, -0.154081067158072], [-70.91507976798941, -0.201787464824037], [-70.88308550639526, -0.213941635620818], [-70.8781797613209, -0.279955825946469], [-70.82618707802715, -0.365719845434262], [-70.76212414625208, -0.33107773577756], [-70.75948350271881, -0.319075172126324], [-70.78008366036312, -0.312314903197704], [-70.73669632609963, -0.286713410636483], [-70.67798822392308, -0.352116798352935], [-70.63037630061184, -0.319905945268905], [-70.57951492081956, -0.391992764358818], [-70.56065235682311, -0.365860311849791], [-70.53122400638219, -0.374670235171295], [-70.51930303893576, -0.357653871552591], [-70.45259458699125, -0.439688104729511], [-70.45735353688968, -0.495480122363405], [-70.39962306295449, -0.462851505135549], [-70.37776695384288, -0.497901044743814], [-70.33461479488365, -0.499275619330053], [-70.3212482098438, -0.469823274675608], [-70.35116228702297, -0.472538911088911], [-70.36506578233816, -0.453960753064029], [-70.30975953740273, -0.441497733572119], [-70.2883338280603, -0.412934935946487], [-70.24660537696825, -0.445440743695474], [-70.20978540903273, -0.44209435907527], [-70.20257212677598, -0.473843551896201], [-70.24451148463746, -0.469851403025679], [-70.32523368191502, -0.561342524209864], [-70.30974687023186, -0.590287804768569], [-70.29993715136558, -0.559286600597206], [-70.28223959539449, -0.558178063622816], [-70.2561343277449, -0.602855798789008], [-70.26190984914501, -0.7115495189237], [-70.24879939963913, -0.73939832256612], [-70.29023166727853, -0.752465438670394], [-70.29712697834019, -0.791319326715209], [-70.2212528893269, -0.886345634554365], [-70.26058557389145, -0.938044906343859], [-70.29588596795229, -0.936491687660808], [-70.30712294479797, -0.964603715845629], [-70.25317850174967, -1.020778426286311], [-70.23206285379231, -1.01457616318235], [-70.21991951869647, -0.985347435243935], [-70.19746846857396, -0.985065029418086], [-70.22759869604178, -1.049673616909252], [-70.17755044546057, -1.074900279606912], [-70.16864775408249, -1.112915220061949], [-70.12786900103082, -1.110726063251481], [-70.07914162294114, -1.037877589839169], [-70.08791006959196, -1.012354410916042], [-70.13560575916847, -1.014677457060236], [-70.12228221743796, -0.972376121721173], [-70.0789538222305, -0.946895966171641], [-70.03079641484119, -0.978745311772134], [-70.01659737504914, -0.936926517043303], [-70.00076385766899, -0.94600172760473], [-69.99892187173543, -0.976041168061964], [-69.95819482642018, -0.967752770824044], [-69.94141270768105, -0.946588679949377], [-69.9019829013119, -0.971926908621036], [-69.95424336212653, -0.995602835611415], [-69.94144347487769, -1.034740366025489], [-69.97151053642483, -1.07298772668277], [-69.95505433386084, -1.096143638801251], [-69.87593008675125, -1.078306645412017], [-69.8398094946523, -1.028470642722174], [-69.81754361725629, -1.032319067625215], [-69.78408763707006, -1.08651444286753], [-69.75709727789672, -1.098866881186337], [-69.73447429603877, -1.082335869303683], [-69.75795020235728, -1.073101914659407], [-69.7728154784431, -1.037041643804996], [-69.74952004011394, -1.027621016659363], [-69.70471089214945, -1.047776511432306], [-69.64936216695412, -1.116803919752294], [-69.65230464971042, -1.133694928013157], [-69.66154712269223, -1.116477181306792], [-69.68090618430462, -1.121334096329532], [-69.68031328688106, -1.201251629997481], [-69.66418781029083, -1.226304878599991], [-69.63798554346053, -1.213910446194756], [-69.63454078190716, -1.168050425209934], [-69.59253914495628, -1.145835755392649], [-69.56472594750532, -1.193264968109248], [-69.5390490157928, -1.191925761124105], [-69.50556258091552, -1.21738392366009], [-69.47824616974393, -1.211474735737428], [-69.4655518620947, -1.174572834247995], [-69.48924788226273, -1.151109620237192], [-69.46229162501778, -1.141766877672564], [-69.47071934808108, -1.093386996405192], [-69.45214878410609, -1.07084026192679], [-69.43249725618197, -1.06919968700997], [-69.39727078334919, -1.12302640098308], [-69.43292921877664, -1.225144925981464], [-69.39912851854517, -1.360653370301345], [-69.4414775849365, -1.389815062442985], [-69.46966282064051, -1.478399086717638], [-69.45167628723634, -1.53874726763493], [-69.94289010758474, -4.225938439236972], [-69.97571491657098, -4.185673492901597], [-69.98617282499062, -4.138499967763644], [-70.0256276600217, -4.130262090664173], [-70.09556491999523, -4.036676213345754], [-70.14678490110809, -4.0022974240972], [-70.19200346887517, -3.888600114721178], [-70.24476836887777, -3.829374193396239], [-70.3699067448468, -3.785559784834261], [-70.45428304842264, -3.851013771747665], [-70.50787982707261, -3.873186359284296], [-70.54174918801397, -3.858424460936283], [-70.57496492937106, -3.813129327842349], [-70.61982114197522, -3.839416228887685], [-70.65224470592378, -3.828978736530776], [-70.68407945652095, -3.793713940412445], [-70.71356197807465, -3.795866835547744], [-70.0722732660545, -2.788967077575759], [-70.05178029955262, -2.746623871087745], [-70.06758124823838, -2.727137372509688], [-70.06102128780054, -2.682009533672944], [-70.08440897250443, -2.646794986556733], [-70.10289094814358, -2.649302205256931], [-70.11573279719998, -2.694847561628727], [-70.13500623312304, -2.700983943329987], [-70.158736177935, -2.686909860150525], [-70.16056155731575, -2.635455461745052], [-70.18098299999791, -2.629073371410879], [-70.19889454364709, -2.654715498365807], [-70.21395393148792, -2.647079898474268], [-70.24133463635732, -2.549237531269618], [-70.26574924722773, -2.539758422363477], [-70.33323112616937, -2.574767310903832], [-70.3375355062126, -2.541115716137842], [-70.29195804229235, -2.518890579215914], [-70.32037051776294, -2.489604589181643], [-70.36194996805472, -2.48532420489797], [-70.4002829548798, -2.509658487760309], [-70.43764620791245, -2.512279951912973], [-70.4671945511169, -2.455290410426391], [-70.50535640798776, -2.453466704978275], [-70.56656369187606, -2.415225303840579], [-70.60016209778732, -2.426167812275435], [-70.56798977015549, -2.440700694812752], [-70.56211432732323, -2.469595015623724], [-70.62121101474119, -2.476433816701659], [-70.63296190039019, -2.45449253880005], [-70.62702941451388, -2.392827082807718], [-70.65463829143502, -2.403940749211906], [-70.67448930208224, -2.390661332265165], [-70.6615975536139, -2.347060626552572], [-70.7488165068624, -2.326257194658839], [-70.77574086662764, -2.289950197957462], [-70.81810775309826, -2.291845740153504], [-70.87332550777889, -2.219628098333563], [-70.89682727903222, -2.21968509874475], [-70.93447574838721, -2.251889934127842], [-70.96984249105263, -2.212161035051886], [-71.01194032431265, -2.209995010398969], [-71.02255034684617, -2.233821113221834], [-70.99602053656307, -2.280231501660377], [-71.00851298221875, -2.296190843689931], [-71.0446783304815, -2.260510070425678], [-71.10982158981818, -2.274816684185208], [-71.1452453768328, -2.296988805734876], [-71.13723857348266, -2.342026908757774], [-71.15894285883651, -2.330475275588281], [-71.19537185758956, -2.354321285524283], [-71.24048126751516, -2.334320122447799], [-71.26506488310223, -2.359349086356008], [-71.2656302426101, -2.334602513366715], [-71.29946229194884, -2.33389989820175], [-71.33323578043183, -2.379559805152081], [-71.36728340178907, -2.373147970606501], [-71.38451518227227, -2.40247593029234], [-71.40347013943531, -2.388761922022463], [-71.39117021408079, -2.35058757930879], [-71.45743113873864, -2.271197135530824], [-71.49766306507458, -2.274352300076075], [-71.48170955254014, -2.331140227970555], [-71.50412750441347, -2.34071551099484], [-71.52118340167546, -2.240969818651301], [-71.59893319415664, -2.228030873619384], [-71.64405431354989, -2.196053522183126], [-71.71159338488089, -2.221190856026627], [-71.72562599633227, -2.20106962258436], [-71.71587162035748, -2.168179656886693], [-71.72733729070562, -2.138253157072759], [-71.7657273201123, -2.154214030396593], [-71.7988105056319, -2.20065500925125], [-71.83395090903801, -2.188757345280134], [-71.87998471880911, -2.304465881983289], [-71.89932234186585, -2.292952441172007], [-71.93902436247657, -2.310165570290271], [-71.92082760269422, -2.367902118774315], [-71.93406161080277, -2.375938309603999], [-71.94912099817194, -2.352114572827897], [-71.99247378055377, -2.366135290510712], [-72.0516845536969, -2.330399281160455], [-72.14540642383048, -2.404663034221672], [-72.14004436877127, -2.457266463153921], [-72.16377431280937, -2.460457937710519], [-72.15995242262835, -2.433045203910071], [-72.1766090188926, -2.42158982235044], [-72.20205025716145, -2.436350719158872], [-72.2295450471659, -2.423014625330793], [-72.2634286700142, -2.433216178965494], [-72.25937860704, -2.455898685253651], [-72.28556140630515, -2.452536228251073], [-72.36542179442459, -2.488155054427974], [-72.40872272588558, -2.412175908948905], [-72.44608078604914, -2.430651549467118], [-72.4817897882091, -2.409222459287661], [-72.56980734575605, -2.394746233389695], [-72.61837719758209, -2.354244761499378], [-72.64210714188292, -2.359146322403031], [-72.63883837671713, -2.385478831943026], [-72.6830355911771, -2.451275303758032], [-72.70522537073917, -2.387443944675033], [-72.73214972966996, -2.382656472259085], [-72.74532669393619, -2.425515153767104], [-72.77692859120559, -2.3804907057142], [-72.84969397443024, -2.432841862154481], [-72.89398110367394, -2.430644425564779], [-72.9320859169697, -2.453156003810532], [-72.91947938426706, -2.421126760356744], [-72.95427569648041, -2.389609701073297], [-72.95210805716636, -2.335122812365519], [-73.00880893333843, -2.348801730255909], [-73.03689230174389, -2.309970998936039], [-73.04217470475966, -2.349403426904838], [-73.06020479672199, -2.356553057766906], [-73.06984508693611, -2.311355378366064], [-73.12192546926472, -2.322070721373441], [-73.1141105589, -2.28981045220081], [-73.16465077666824, -2.230531747142364], [-73.16265426660442, -2.190346261885233], [-73.12785795478564, -2.182765048827469], [-73.11251335172147, -2.135566869175753], [-73.06813379317566, -2.107007843548321], [-73.06973100033005, -2.08158359829048], [-73.09289051299422, -2.081811621524821], [-73.10327236412166, -2.061061488876552], [-73.09077991740352, -2.03261512529116], [-73.11736201858399, -2.011522308151549], [-73.10344349388173, -1.900238998933005], [-73.1110302303608, -1.872245996181234], [-73.14884982899818, -1.861527577925821], [-73.14673874035194, -1.801272562105513], [-73.18838072129257, -1.790088822668557], [-73.21775793506646, -1.743506739195644], [-73.23421253366962, -1.757128325903265], [-73.23670817119553, -1.799949456759162], [-73.25732688715154, -1.8016123932487], [-73.24017440842012, -1.792100406155663], [-73.24461102145361, -1.779875320081855], [-73.2976730207161, -1.773223485634409], [-73.31579610023195, -1.82548724037754], [-73.32060911434779, -1.801731174069446], [-73.38133628425851, -1.771144783400561], [-73.42926333322066, -1.78853882936828], [-73.46036479393301, -1.731055059817471], [-73.52626149921863, -1.709138986257865], [-73.530480314088, -1.681936572125297], [-73.50546452272275, -1.631391348075963], [-73.45644307893275, -1.572885598114617], [-73.48829216290572, -1.571757043972277], [-73.48407334723045, -1.49459819210711], [-73.52655859780288, -1.463888325387098], [-73.52881655572885, -1.432108812829009], [-73.57926407794814, -1.425277645633792], [-73.54818745399069, -1.407635317854661], [-73.57789741964694, -1.354588736121306], [-73.56850907038812, -1.319540521559998], [-73.60202191175257, -1.324055234479845], [-73.6196102116756, -1.262333653131408], [-73.64349702494096, -1.266254414354093], [-73.67760406507854, -1.235898067852783], [-73.71646470071047, -1.249145597239625], [-73.73537446650646, -1.240256407720406], [-73.74241457391605, -1.198155914012139], [-73.7766974966835, -1.258607737640815], [-73.78325745829456, -1.236936486103979], [-73.80710148809077, -1.248285400905459], [-73.86123542328401, -1.228039815940252], [-73.89397818184861, -1.169241215389385], [-73.8951190449039, -1.110555449124647], [-73.91890603169095, -1.111525000036402], [-73.92335539609236, -1.092362050988517], [-73.94834028949329, -1.097323898100902], [-73.96288628932814, -1.079586684012727], [-73.9931761929883, -1.1028560623252], [-74.00886305504945, -1.089738543197393], [-74.02044281191905, -1.000195725835608], [-74.03630080323072, -1.002648205041002], [-74.06088639468094, -1.050442678626174], [-74.16686408281329, -1.002054829483885], [-74.20962585243632, -1.009571070717672], [-74.2637317809949, -0.983142382913567], [-74.26527194635776, -0.916924410356879], [-74.318207974474, -0.879280568379862], [-74.30217885324548, -0.866276241133687], [-74.27040582770134, -0.882930896141929], [-74.2643022129268, -0.843290417525883], [-74.24273990662213, -0.818365188445743], [-74.28443843886916, -0.823669655336285], [-74.28050246208429, -0.774389179976671], [-74.3139867829587, -0.790701995658299], [-74.31119166960032, -0.75260063784377], [-74.34376329819158, -0.757391845360493], [-74.37507997972627, -0.72482294121863], [-74.34387738522771, -0.706912794331239], [-74.33429413850811, -0.681017111116768], [-74.36988905431784, -0.658486613139417], [-74.35694026278222, -0.629453490685505], [-74.37901595564558, -0.599792768130781], [-74.38563286223258, -0.552700553901247], [-73.84131793342733, -0.397977579774171], [-73.81585025423912, -0.411668725847532], [-73.76342712473506, -0.407461034236332], [-73.72959758728474, -0.38048138392552], [-73.6802479542281, -0.420187295961116], [-73.63998206689665, -0.418064801849073], [-73.6508870134218, -0.457422591105514], [-73.60869318938634, -0.439224116119724], [-73.58505677136039, -0.448768132046256], [-73.56835520395057, -0.516834313586578], [-73.53319430779085, -0.4877375691998], [-73.51047856472582, -0.524273713765528], [-73.43034484413012, -0.510896667288731], [-73.3785040119167, -0.53626206177938], [-73.33187629291858, -0.506100452365818], [-73.2029842113463, -0.62647680380451], [-73.12142387515426, -0.604131505159803], [-73.07479201461922, -0.621288800098812], [-73.05330213902654, -0.546697719551902], [-73.01565665558027, -0.526867363802883], [-72.95891432877836, -0.559440699087469], [-72.93717638421168, -0.605842654853015], [-72.91727826976933, -0.615509517745386], [-72.81586180575671, -0.599208181012067], [-72.74972881223476, -0.554995626004149], [-72.74061905684442, -0.580109005134307], [-72.67764881416092, -0.615957963896754], [-72.67381418471797, -0.635177886787012], [-72.56280569121795, -0.705686957764424], [-72.42496999890024, -0.562289797048921], [-72.4077723462032, -0.567970408635681], [-72.39468634526256, -0.613873674405922], [-72.30890062209569, -0.651946512410552], [-72.24282989015272, -0.605261493563674], [-72.23061064272727, -0.492975930935802], [-72.17278959465796, -0.443931293359474], [-72.14802968465573, -0.395394512182712], [-72.15344433965451, -0.355326064127168], [-72.0627222451801, -0.324703827613193], [-72.06141770334754, -0.296190270214348], [-72.03625868077286, -0.267117623236088], [-71.83086781398607, -0.276304418046351], [-71.71132606972355, -0.23437788228193], [-71.7364580104128, -0.154534416402981], [-71.70092863656124, -0.097458481049313], [-71.70482631358783, -0.067293849828752], [-71.59348832535042, -0.014421017097426], [-71.57721976016144, 0.01574361317005], [-71.54671620135116, 0.021335933127801], [-71.45375190186539, -0.012226563039095], [-71.44837899763657, 0.003348823367366], [-71.40045074521117, 0.005609207772873], [-71.3705893666321, 0.031184924714631], [-71.32787100569159, 0.018742685280345], [-71.2713616692092, 0.035168254114498], [-71.2556794903495, 0.058640276273765], [-71.23491675524532, 0.066396299973838], [-71.22575292194783, 0.054200319888338], [-71.18714354098533, 0.081152766095582], [-71.18801949476585, 0.097256855743808], [-71.14469343465777, 0.055716393852193]]]}}, {"type": "Feature", "properties": {"cod_dep": "94", "nombre": "Guainía"}, "geometry": {"type": "Polygon", "coordinates": [[[-67.71052991782268, 4.038418437829991], [-67.6944627676023, 3.927346292600026], [-67.66451512281216, 3.892903673865529], [-67.6178548493679, 3.759066593181804], [-67.59495544891276, 3.749030591053238], [-67.53950574731363, 3.755180005365336], [-67.52098505748707, 3.774073397087053], [-67.5026735562091, 3.766653284799696], [-67.47063432811368, 3.685064278403474], [-67.44929068884817, 3.676347565187374], [-67.4452501333071, 3.585973395899487], [-67.41268801043715, 3.538707217041608], [-67.40086344460873, 3.475780749419385], [-67.33888845525392, 3.448853340386017], [-67.31209006616834, 3.377142064959923], [-67.38220558591019, 3.294213744724441], [-67.38234192213687, 3.248472059760321], [-67.43485262528557, 3.248472015035773], [-67.85982722348697, 2.867553467933935], [-67.85984518562235, 2.785075544725639], [-67.83590619863105, 2.794020635526174], [-67.81377346224849, 2.831167955919413], [-67.74006678310401, 2.836763132329024], [-67.73641602183335, 2.816651405972959], [-67.65695493655721, 2.795399827875349], [-67.61582683661344, 2.811979510703929], [-67.56488731712359, 2.725489123160721], [-67.56338567176948, 2.65476513901345], [-67.52208644278286, 2.67237242433244], [-67.48997115784218, 2.66200181977444], [-67.47029127649368, 2.619093948397859], [-67.45123886907538, 2.617669358686479], [-67.39282669977133, 2.57242355880696], [-67.38603856624954, 2.544101376673956], [-67.34359847486093, 2.52102147224751], [-67.30018864893603, 2.441007990489815], [-67.2219825121081, 2.396098042862402], [-67.18981018420217, 2.349305781074274], [-67.21935852788496, 2.305817779621922], [-67.22437832376518, 2.251726656332953], [-67.16180200581826, 2.131396699222651], [-67.1211872939211, 2.135272944311925], [-67.10972162334409, 2.118456812183009], [-67.09905455707268, 2.054382838276233], [-67.12740499525282, 1.981412909499361], [-67.0688216960919, 1.922236491205551], [-67.03880036992672, 1.845486058646187], [-67.03796849082813, 1.787996478885493], [-66.96200604991753, 1.632136188634796], [-66.9643828473522, 1.586816668290214], [-66.94423949101194, 1.573036484406971], [-66.91296083890035, 1.494998561767908], [-66.91624081906643, 1.420438805678235], [-66.85827073350289, 1.368188510980697], [-66.86404635071366, 1.317647920067394], [-66.887434036731, 1.287993158042075], [-66.85688958419645, 1.227960464860541], [-67.0910241139722, 1.166157435612363], [-67.08068363243235, 1.198282500863655], [-67.09830298902818, 1.255002470219629], [-67.12708624417213, 1.271848471283886], [-67.15614624933136, 1.319063257699883], [-67.15083801754527, 1.345487047923349], [-67.13315603090429, 1.352594056508267], [-67.10940360749622, 1.335918267521449], [-67.0751625573922, 1.372580210187007], [-67.08699419504616, 1.414338987235377], [-67.07737660334607, 1.470021444314231], [-67.10300316810665, 1.501790961026904], [-67.1030233869549, 1.580458672309552], [-67.1431273993232, 1.603779660900422], [-67.12950509378825, 1.687128970199284], [-67.1412418721383, 1.739006270421072], [-67.12628748290349, 1.777241986197755], [-67.17437700942799, 1.844946271783291], [-67.23839345961825, 1.864397007150123], [-67.26460618131051, 1.855148248236681], [-67.32096181350646, 1.912748816468504], [-67.31212069965628, 1.925500106354124], [-67.3525444980115, 1.999837674478289], [-67.34410173240028, 2.036230561819495], [-67.36069499143355, 2.116235451698039], [-67.34315180860796, 2.129781786667682], [-67.37075726828564, 2.161796488644596], [-67.35909584910583, 2.182703191650831], [-67.37382975177773, 2.191039333247011], [-67.37191214495613, 2.218439083157008], [-67.39787452891657, 2.23537917104442], [-67.43351292239421, 2.229868632422581], [-67.45476165991697, 2.167973171596487], [-67.48927298244492, 2.178047075079611], [-67.5503019679979, 2.147337484611842], [-67.56197698966109, 2.110467063006052], [-67.59643967224443, 2.075767977650919], [-67.60024353646953, 2.04357300237956], [-67.62649729606308, 2.039344844979721], [-67.65665240353155, 1.991704856395954], [-67.67650621305211, 2.008453856885031], [-67.7257704217713, 2.009126390380217], [-67.74304182438229, 2.034232190188], [-67.77524805488902, 2.035235947334182], [-67.78448312311991, 1.999221720756025], [-67.86949417983425, 1.920497047803985], [-67.87050275725032, 1.901941744195135], [-67.92228341228997, 1.892489976785749], [-67.90770459030445, 1.805343366859862], [-67.98013050000279, 1.815772166365794], [-67.99962883898705, 1.838894805801656], [-68.03603546522794, 1.81518006792859], [-68.06422633471458, 1.893890826340856], [-68.09649909213842, 1.899343477604899], [-68.13984915512735, 1.970460514422819], [-68.16868590061782, 1.963403867828445], [-68.18491005854042, 1.977154719702595], [-68.19951444226952, 2.039621598228881], [-68.20858629252699, 1.976541465953381], [-68.28530272585327, 1.834875317337417], [-68.27469984738232, 1.819208945556046], [-68.2265395566307, 1.829374003517547], [-68.2389698615856, 1.770763120087079], [-68.1921039977555, 1.780471320859298], [-68.17735133956734, 1.765299876925253], [-68.19263699683799, 1.737469701449081], [-68.17104576784727, 1.743906143820717], [-68.162887934442, 1.72778603900435], [-69.39204762169857, 1.726745193301883], [-69.4663587743946, 1.757276590718248], [-69.4760561073077, 1.743545113521902], [-69.51413239937534, 1.771768179545574], [-69.53419256939124, 1.763975994732841], [-69.53428764115233, 1.777137165224756], [-69.59028498426308, 1.758701997743083], [-69.62902677932226, 1.723399096363426], [-69.72143665812304, 1.734945069937902], [-69.78218759661914, 1.693084641768051], [-69.8036263078831, 1.705022797231008], [-69.80956830153424, 1.694955551396172], [-69.83923310732797, 1.719058646407706], [-69.85900920403814, 1.709301430327438], [-69.9027694907481, 1.745250047778217], [-69.97501501221136, 1.743234932276355], [-70.0467791567786, 1.772336816448346], [-70.18019593693978, 1.881672609899783], [-70.14069461640968, 1.979836605106358], [-70.11153534578432, 2.002838902144997], [-70.12076331682717, 2.049478456719565], [-70.10382280658122, 2.094459400104388], [-70.11901958020287, 2.110893050733854], [-70.05835167589264, 2.14572446484651], [-70.05525767729854, 2.161896193628495], [-70.03356778500014, 2.158515119557525], [-70.03624480334175, 2.181950969852146], [-70.00664680085319, 2.182086931660841], [-70.00623214232652, 2.207253584152283], [-69.99617601604471, 2.204796519876779], [-69.9960106988704, 2.224442537785917], [-70.02411246440623, 2.235346515004777], [-70.0263830747382, 2.272396239379579], [-70.05313198036873, 2.27804507684367], [-70.0452125317202, 2.293053262032562], [-70.06924777975611, 2.293994736416038], [-70.08515220425915, 2.263191608907889], [-70.14670514381635, 2.277714951429345], [-70.14171359341907, 2.251228711287455], [-70.1596752452043, 2.265064129969756], [-70.15677153141668, 2.239895735007787], [-70.1744916893179, 2.237425653997273], [-70.19139581838259, 2.252551336618612], [-70.1827201580073, 2.240114527863609], [-70.19442980605331, 2.229766358432288], [-70.2473016430014, 2.243267210392079], [-70.24348847419104, 2.265343211642182], [-70.27355633502982, 2.237407969004242], [-70.30548795809848, 2.252920797260789], [-70.29281553197593, 2.228531416952671], [-70.31223147615728, 2.208260854278338], [-70.3420369928702, 2.247850674820748], [-70.36590400934644, 2.235481269011868], [-70.39896207429624, 2.267780043952695], [-70.40792853589059, 2.255225547405315], [-70.42078448770853, 2.268625788041234], [-70.45816770839639, 2.25734964966648], [-70.46472209384066, 2.233424792047813], [-70.47312470183992, 2.243657725990219], [-70.49681401299028, 2.233741833997694], [-70.5143282140175, 2.245092327399503], [-70.51117629530958, 2.259473131685643], [-70.48857562619716, 2.252855414357053], [-70.51101612588809, 2.282793234946292], [-70.53073066989953, 2.268444203263366], [-70.62999854207727, 2.312933051912273], [-70.67971944843092, 2.441014215707848], [-70.73318823364376, 2.485010805704488], [-70.7540550293554, 2.536989501949805], [-70.7929913190611, 2.520070614929164], [-70.82930773569038, 2.532729151646309], [-70.85261113860842, 2.570172759294668], [-70.8885593003744, 2.557309340936126], [-70.93004660209724, 2.573225725244517], [-70.94249237967648, 2.606656133819437], [-70.49757663122973, 2.788507680026719], [-70.4938672822179, 2.81333638560551], [-70.35590345464296, 2.853720420212758], [-70.35404878060535, 2.914027244957718], [-70.27836610911821, 2.936522647223242], [-70.30331446760533, 3.033623814279148], [-70.25533225308958, 3.039666463192145], [-70.27274225824094, 3.066110524082756], [-70.31522028039375, 3.070836954731577], [-70.31994670779824, 3.086332455274388], [-70.2799216422029, 3.094469091435196], [-70.28793862068311, 3.124024221698859], [-70.24439886339778, 3.179185415074599], [-70.20652729168647, 3.173090092549264], [-70.21785881972102, 3.205977459800871], [-70.19225145408018, 3.173548110757699], [-70.16464188637194, 3.181120792126989], [-70.17435609740868, 3.235807599835304], [-70.15717934839275, 3.229403063132763], [-70.14810646227657, 3.190770143107599], [-70.12798123567677, 3.202260878398207], [-70.13181839679778, 3.244091733782003], [-70.15680930503449, 3.257888798900126], [-70.1578505933809, 3.281578098799464], [-70.13618071634404, 3.2937808346957], [-70.11565408607706, 3.279674376451144], [-70.10877423106986, 3.293709148890436], [-70.17294926663433, 3.349001486861285], [-70.13338032930565, 3.3651414470646], [-70.12661195798512, 3.400805558223455], [-70.11026204687656, 3.38499347888801], [-70.07601854676926, 3.387365488067034], [-70.0258095862521, 3.417619677771663], [-70.00192756921125, 3.372716341114182], [-69.94354559226048, 3.39475198741977], [-69.96027962406228, 3.456920550344705], [-69.91496909600436, 3.446998144709695], [-69.90253327697306, 3.424400898421512], [-69.87173452000381, 3.439353680680908], [-69.8616759403943, 3.478811183314342], [-69.89553528361849, 3.517216694627668], [-69.89355580132178, 3.536854673855085], [-69.87244670416118, 3.535845381284501], [-69.85158940392039, 3.491823882024901], [-69.81720918891087, 3.477048248890835], [-69.84389147142531, 3.548966607804127], [-69.81710848830369, 3.55207273744891], [-69.8153981498871, 3.51593292093645], [-69.80192257594602, 3.507862186869779], [-69.77734261268587, 3.56457357507857], [-69.73402196436211, 3.542924115026313], [-69.71373121915958, 3.549375284348843], [-69.74235106765427, 3.576010315705482], [-69.73991894171276, 3.590930866410988], [-69.70981796021775, 3.576732891843356], [-69.70063724068525, 3.539909484852015], [-69.6631439053181, 3.585375439946104], [-69.62904042625895, 3.568634851921138], [-69.60888359643675, 3.595461580333476], [-69.5926018828318, 3.56773630335182], [-69.57055072176652, 3.669410364353558], [-69.59495348393952, 3.672620709206448], [-69.58903194170375, 3.683333280635462], [-69.50430395907104, 3.678738497222982], [-69.49287934689927, 3.650765077964471], [-69.47844957405201, 3.695438431804139], [-69.45474843221422, 3.708988304312583], [-69.4077092031343, 3.660004849589341], [-69.38787460019316, 3.685147701189667], [-69.36635858268235, 3.665496066058357], [-69.30350552008309, 3.717256468770027], [-69.2895833941345, 3.698052808089309], [-69.30565814445734, 3.652168163263291], [-69.2919825873874, 3.644787372298542], [-69.26799898899509, 3.681267783920923], [-69.28709474593778, 3.713252344736498], [-69.27967753644795, 3.726294525701386], [-69.2470390384453, 3.714758265127472], [-69.23496250999315, 3.674011446131842], [-69.2080449332901, 3.701982386891559], [-69.20008145678464, 3.669490349772585], [-69.16809166910431, 3.671903207632997], [-69.18669243654679, 3.633916194408328], [-69.15252572434912, 3.642616873248985], [-69.12111133389124, 3.676044874977189], [-69.1004392754308, 3.638070239335358], [-69.07876709611975, 3.655900475150251], [-69.05594244049983, 3.638655850600549], [-68.99581932195798, 3.691854142673843], [-68.94231777397567, 3.682459364658015], [-68.9376218220392, 3.742359307941091], [-68.92583977946224, 3.686925195563432], [-68.86422038260342, 3.706332604975395], [-68.83499382884094, 3.670101438832422], [-68.85211682365151, 3.738699607109761], [-68.79481120736769, 3.722252638354572], [-68.75430131154812, 3.78311751628591], [-68.65083867525256, 3.761710112425498], [-68.64643375014705, 3.775066228904961], [-68.68049726402892, 3.797003941842145], [-68.67204044365921, 3.812001350003614], [-68.63467832420908, 3.77364667523115], [-68.57602310684875, 3.79024393921781], [-68.5506154714176, 3.763983587122677], [-68.56930075361807, 3.817967350325538], [-68.5098913723482, 3.77910530697579], [-68.51296770770196, 3.825507656826511], [-68.4762399254904, 3.85197001093072], [-68.4444934634263, 3.838353734208747], [-68.44676170629278, 3.884435555065214], [-68.39471272720249, 3.850770849586308], [-68.39304143098211, 3.872855851145117], [-68.43661454254142, 3.91499642334265], [-68.4203790819702, 3.926695505135267], [-68.38181986152432, 3.9123700989765], [-68.34672261486796, 3.924069181312092], [-68.3445738037625, 3.993189270873272], [-68.31389355652072, 3.977789458686266], [-68.23665573785814, 3.975163134902198], [-68.20657238328444, 3.956778859951437], [-68.20502046434072, 3.997486890781186], [-68.17374332600204, 3.986026568421958], [-68.13052834774237, 4.000948864959452], [-68.11954553626441, 3.982087079149188], [-68.13279653818186, 3.946512321234808], [-68.11286034668558, 3.943408480736002], [-68.09829618304452, 3.974566239716179], [-68.07835999215398, 3.980535159721289], [-68.07897885705941, 3.935151575711476], [-68.03453251630536, 4.011355486576916], [-68.02477460618859, 3.975920582833826], [-67.93742808928937, 3.963099321744441], [-67.91357085524632, 3.909438039213437], [-67.87601811822437, 3.91914554874571], [-67.81317476125032, 3.984543513591745], [-67.71052991782268, 4.038418437829991]]]}}, {"type": "Feature", "properties": {"cod_dep": "95", "nombre": "Guaviare"}, "geometry": {"type": "Polygon", "coordinates": [[[-73.65693130806223, 2.293985332346278], [-73.63340894190394, 2.288257509436246], [-73.63503548470328, 2.32569802208224], [-73.61384779405854, 2.341135076175866], [-73.63235970136154, 2.362436639417145], [-73.58855949142374, 2.390240744283398], [-73.57330670921131, 2.354837969598749], [-73.52616518894052, 2.386482677601126], [-73.51228372884079, 2.33294370876581], [-73.50586309322314, 2.356443894627276], [-73.47403902475891, 2.361762918788402], [-73.45030149304058, 2.339727073569867], [-73.4556787272201, 2.382377818346312], [-73.44178038003629, 2.386156509430527], [-73.43796485724043, 2.327637413186581], [-73.41162361238054, 2.356944571430803], [-73.3892558673046, 2.349929539734293], [-73.38637848193946, 2.323959952254994], [-73.36013838802069, 2.368314241969309], [-73.34514675430225, 2.353759442910617], [-73.35670684979138, 2.3240950430956], [-73.33316512361844, 2.33334588292796], [-73.33041052095327, 2.36035622178439], [-73.30064515796269, 2.335993594572201], [-73.26742608814659, 2.358769246609442], [-73.24247468780625, 2.347332251794031], [-73.24115183598467, 2.371342008716496], [-73.26787344168524, 2.380866541376819], [-73.2259456068998, 2.388909075998628], [-73.21652308830117, 2.405468079247031], [-73.21768746678407, 2.386355632051585], [-73.20159558637967, 2.38246656178717], [-73.16573338371374, 2.39940968702014], [-73.16350174517943, 2.365389843430198], [-73.12406632434231, 2.378824613190459], [-73.14127494498948, 2.39711580443005], [-73.12778459387935, 2.410980741990756], [-73.11004463743262, 2.381178907739579], [-73.0452296939895, 2.437923029184491], [-73.03279347836605, 2.412567496406635], [-72.9860963704429, 2.451901508943102], [-72.96577456017407, 2.448434426994203], [-72.96255149117053, 2.480169902175584], [-72.93465356422672, 2.463825612077567], [-72.93261267173988, 2.496750942119885], [-72.95423339420823, 2.494864607565347], [-72.9583426180194, 2.508514785123842], [-72.92103083628479, 2.534376494874635], [-72.92032015863165, 2.562458741634277], [-72.8165072604445, 2.61464959524907], [-72.73966628621355, 2.569908940255373], [-72.70215885084122, 2.617818252963381], [-72.67942271086405, 2.622178103161192], [-72.65295977843155, 2.571539947864759], [-72.62087370467171, 2.627358625749409], [-72.58641398165969, 2.583668138248077], [-72.5867192572473, 2.639323477161051], [-72.55582632298226, 2.649897257992046], [-72.57142081957507, 2.674116643276265], [-72.53724520229618, 2.682820064295744], [-72.53630940514758, 2.702719790099433], [-72.47220881560114, 2.689345507417969], [-72.47059164999641, 2.733829398907737], [-72.43463821589275, 2.739994259893289], [-72.40665012563888, 2.726001370156014], [-72.33550523224247, 2.796746852694184], [-72.31302396665447, 2.799124676823955], [-72.29497268415425, 2.774053756074665], [-72.27995287021037, 2.775781907354418], [-72.25948685310154, 2.824704321848339], [-72.21512088108753, 2.775662053724112], [-72.19103469493984, 2.77350434529475], [-72.18426108068677, 2.791702977351896], [-72.20775112142893, 2.837962502076819], [-72.18952112108117, 2.874278392340998], [-72.14448294611476, 2.8645559828519], [-72.12486777402476, 2.887736463708033], [-72.08259519392696, 2.826128696851208], [-72.05215909555908, 2.816661521864718], [-72.00485868166729, 2.829350459728665], [-71.98191802739274, 2.801187395293832], [-71.95394434578806, 2.831740238582933], [-71.82791007407326, 2.837469387811401], [-71.82314796313004, 2.870024025579646], [-71.85086484821902, 2.871597855437787], [-71.82061234911295, 2.879117263985197], [-71.78843628019399, 2.869499415391166], [-71.78126661289251, 2.817300740115892], [-71.75844608612302, 2.851225506419628], [-71.76780162811325, 2.890396372009516], [-71.75669738711571, 2.897128866192507], [-71.6970667375623, 2.838110260212545], [-71.6815033139775, 2.871685288427924], [-71.66200531587293, 2.872734507852496], [-71.67389647233476, 2.825781929705851], [-71.64635445624003, 2.820273527076233], [-71.6105878171686, 2.846315808111822], [-71.57516630201992, 2.844268214727535], [-71.58324906457722, 2.872286166078216], [-71.54509390509769, 2.859110219004488], [-71.52067294317841, 2.878997281625492], [-71.46980028877944, 2.853310082050505], [-71.46338082938443, 2.899277686255057], [-71.39072260926962, 2.844026685736782], [-71.38266751462561, 2.887486253815496], [-71.36163159396628, 2.890527437168385], [-71.34722708211955, 2.858490379190456], [-71.33081788934129, 2.921313295203421], [-71.31423488999809, 2.924928852179696], [-71.29956226587679, 2.875577233717626], [-71.28368110312722, 2.867820801864813], [-71.25964179067769, 2.886178782348564], [-71.24717188089048, 2.862753263106377], [-71.22179443799362, 2.865591848956826], [-71.18350852878234, 2.904840702240679], [-71.15144910195063, 2.872164049361182], [-71.13720334022818, 2.903948656647966], [-71.1158308484072, 2.875150102641959], [-71.07584053671741, 2.882194385698293], [-71.05805727124502, 2.852830164967669], [-71.01059486176246, 2.856813025231118], [-70.98848999193378, 2.829132152105827], [-70.95456930620351, 2.842142824344259], [-70.94793120669823, 2.817960229032713], [-70.96200397665866, 2.800488754683919], [-70.94655048243754, 2.785566308278043], [-70.92514925003826, 2.815411199229412], [-70.93805371544364, 2.857310879762729], [-70.91134200380299, 2.849876208699393], [-70.88367440669195, 2.792576138801102], [-70.87103546694888, 2.799320447761425], [-70.87610697358534, 2.847380283638885], [-70.85417469463403, 2.823164501186261], [-70.87143375292335, 2.777813008367149], [-70.82156835231412, 2.813074588180421], [-70.7963927993271, 2.794446337637951], [-70.81134342203437, 2.760012718220839], [-70.7544206787644, 2.770217958254142], [-70.72477872664936, 2.795155011895172], [-70.70916531508453, 2.737109026321003], [-70.68172037410395, 2.777782822993875], [-70.64041314157701, 2.802639907640425], [-70.66221654772218, 2.856467392623107], [-70.63541130717046, 2.848765564830922], [-70.6183018568324, 2.791743902266727], [-70.58332528727762, 2.839967263007795], [-70.50115263318881, 2.787987387926864], [-70.94249237967648, 2.606656133819437], [-70.92824093075104, 2.570369002431604], [-70.8885593003744, 2.557309340936126], [-70.85261113860842, 2.570172759294668], [-70.82930773569038, 2.532729151646309], [-70.7929913190611, 2.520070614929164], [-70.7540550293554, 2.536989501949805], [-70.73318823364376, 2.485010805704488], [-70.67971944843092, 2.441014215707848], [-70.62999854207727, 2.312933051912273], [-70.53073066989953, 2.268444203263366], [-70.51101612588809, 2.282793234946292], [-70.48857562619716, 2.252855414357053], [-70.51117629530958, 2.259473131685643], [-70.5143282140175, 2.245092327399503], [-70.49681401299028, 2.233741833997694], [-70.47312470183992, 2.243657725990219], [-70.46472209384066, 2.233424792047813], [-70.45816770839639, 2.25734964966648], [-70.42078448770853, 2.268625788041234], [-70.40792853589059, 2.255225547405315], [-70.39896207429624, 2.267780043952695], [-70.36590400934644, 2.235481269011868], [-70.3420369928702, 2.247850674820748], [-70.31223147615728, 2.208260854278338], [-70.29281553197593, 2.228531416952671], [-70.30548795809848, 2.252920797260789], [-70.27355633502982, 2.237407969004242], [-70.24348847419104, 2.265343211642182], [-70.2473016430014, 2.243267210392079], [-70.19442980605331, 2.229766358432288], [-70.1827201580073, 2.240114527863609], [-70.19139581838259, 2.252551336618612], [-70.1744916893179, 2.237425653997273], [-70.15677153141668, 2.239895735007787], [-70.1596752452043, 2.265064129969756], [-70.14171359341907, 2.251228711287455], [-70.15007885663022, 2.276071457032571], [-70.08515220425915, 2.263191608907889], [-70.06376508471763, 2.295490014781008], [-70.0452125317202, 2.293053262032562], [-70.05379654909687, 2.279263453010103], [-70.03784689092534, 2.2666920209258], [-70.0263830747382, 2.272396239379579], [-70.02411246440623, 2.235346515004777], [-69.9960106988704, 2.224442537785917], [-69.99519165104896, 2.208745277063337], [-70.00664680085319, 2.182086931660841], [-70.03624480334175, 2.181950969852146], [-70.03356778500014, 2.158515119557525], [-70.05525767729854, 2.161896193628495], [-70.05835167589264, 2.14572446484651], [-70.10045558408015, 2.129712219931832], [-70.09221663582592, 2.121998071202543], [-70.11933854883814, 2.110287008002995], [-70.10884362686518, 2.080248627300086], [-70.13946549193743, 2.062250275567147], [-70.151490623937, 2.07162796491056], [-70.18102390289232, 2.024756745025909], [-70.25054377282831, 2.029397986293666], [-70.26069031584437, 2.014116451547982], [-70.31764427161444, 2.01283270465235], [-70.35112045901849, 1.983034948672569], [-70.36810542713276, 2.003550222156992], [-70.38652226809472, 1.985207446169181], [-70.43471217780356, 1.999748354847455], [-70.46564555662518, 1.982886822642034], [-70.46443587236352, 1.962988736268346], [-70.4852967695772, 1.963087485662969], [-70.48662989331311, 1.945756892682374], [-70.511119846922, 1.940399715568199], [-70.51398359072765, 1.956964997252862], [-70.53089449678473, 1.95711312207208], [-70.5791424891743, 1.928550372979092], [-70.62091849283397, 1.929979193377127], [-70.63653346644469, 1.903222819076444], [-70.66259243934205, 1.91390495693241], [-70.69107830924614, 1.897665856353223], [-70.73314898127141, 1.923906704031546], [-70.76106201913615, 1.909992709161195], [-70.77045141365274, 1.927631845088349], [-70.80103498771554, 1.905570168104794], [-70.84697838596833, 1.920555778203135], [-70.8661313917285, 1.90875099609842], [-70.87922891670198, 1.933296099580035], [-70.89467379228064, 1.927529789081611], [-70.90261152874831, 1.888278785813327], [-71.00011729328, 1.815190883943875], [-71.0933719587136, 1.802059443735136], [-71.0925850710338, 1.78108023389118], [-71.12582539594447, 1.783058835921865], [-71.25861265631049, 1.66797562091624], [-71.31388438541512, 1.713908394058052], [-71.33044368690604, 1.705118778291543], [-71.36781972038787, 1.738939205243307], [-71.39817629132163, 1.733711394751156], [-71.39017999992822, 1.59820000744228], [-71.43948000105972, 1.545000006235536], [-71.4399400006201, 1.507999998181834], [-71.45532000259699, 1.464770003593994], [-71.47941999735706, 1.446160000862127], [-71.47863999782612, 1.404840003258541], [-71.53061378110564, 1.295835634911582], [-71.52640219136933, 1.278027441004323], [-71.55251971138516, 1.276904708890228], [-71.53890810499242, 1.230193895897217], [-71.55301769223009, 1.207418852436957], [-71.53468175663068, 1.206022098329272], [-71.4850529131516, 1.108823127798535], [-71.50265213593711, 1.103280830981243], [-71.5355169840771, 1.12408875495058], [-71.53162765260431, 1.160259531805558], [-71.55622767195793, 1.15549510360735], [-71.53998971368291, 1.11455989159262], [-71.58254200140811, 1.126873750700166], [-71.57268434672422, 1.091154485697382], [-71.58525072736252, 1.0445877080504], [-71.61579580892374, 1.037083460948975], [-71.6655645593247, 0.972923940032311], [-71.68838074074209, 0.970327881251561], [-71.71023241593106, 0.990475244280125], [-71.74028548221898, 0.984824231022496], [-71.76570553700243, 0.961615474416819], [-71.77409654027859, 0.906057894984914], [-72.05400841425839, 0.655412581289208], [-72.08618486120908, 0.659615218386314], [-72.07068763409802, 0.6684144920687], [-72.0703593022917, 0.692710991842078], [-72.10982470020845, 0.704924907891554], [-72.12670091770532, 0.740122002928465], [-72.14029382514528, 0.718058154206726], [-72.1633779392851, 0.733850786364051], [-72.16393366298524, 0.713330186226901], [-72.19079114684386, 0.726988758053936], [-72.20037841510235, 0.701969928070103], [-72.22092079134372, 0.706293761070377], [-72.22185126837405, 0.747279619043973], [-72.24869581918583, 0.788537373268743], [-72.27034076234315, 0.794098496230511], [-72.26965444999142, 0.763105178253042], [-72.31011456204959, 0.80929046542877], [-72.28675290238193, 0.81872857690728], [-72.30142402402181, 0.842370576193616], [-72.28852838836103, 0.873207969664781], [-72.323103644821, 0.876104816426859], [-72.31665582722262, 0.853023495207575], [-72.32880389144405, 0.840781983202932], [-72.34356845966482, 0.868629081757368], [-72.33235486282851, 0.879375445944337], [-72.34693253885959, 0.902923999980654], [-72.33992404117002, 0.926659448395041], [-72.35440827070065, 0.935069645135089], [-72.39160003366166, 0.919090272364465], [-72.37702235785687, 0.960206792001235], [-72.40046509119617, 0.96736285226483], [-72.41047860813013, 0.986819485801442], [-72.39946042963349, 1.003933849742475], [-72.45568188983137, 1.079863665168163], [-72.51091666824115, 1.068011161728528], [-72.62257066418432, 1.136249216995634], [-72.64990276072949, 1.181814422800992], [-72.66219869224254, 1.15079355039151], [-72.72585648135825, 1.186100435964353], [-72.72276493311598, 1.149599087991787], [-72.73874964223394, 1.15110972783091], [-72.74960519274406, 1.128836529585627], [-72.77802635778404, 1.147877654783442], [-72.77128116203053, 1.182271129784282], [-72.82390774506663, 1.178231036604752], [-72.82689389856574, 1.14889645958782], [-72.85924976168738, 1.164775775658063], [-72.8497994605864, 1.143099806840584], [-72.87207266144439, 1.135406067620297], [-72.85004537978256, 1.104666241580945], [-72.88370109755031, 1.098623669779055], [-72.86912163777211, 1.086538527804275], [-72.88334978612252, 1.070026848252939], [-72.86083066815526, 1.071923937332077], [-72.85802016892745, 1.042238048122083], [-72.87375895990513, 1.052215316414674], [-72.87934482639784, 1.046172742753781], [-72.86515180894331, 1.041711077377614], [-72.86718941974225, 1.024461643315875], [-72.93249837683571, 1.015151867278131], [-72.94030815530245, 0.979990038369924], [-72.99664870880183, 0.951705919002117], [-72.98787000599327, 0.928102082146168], [-73.00621167708098, 0.933288348616446], [-73.00972821887646, 0.910544677990529], [-73.02657725702119, 0.92149908433524], [-73.03826532870998, 0.902423741778569], [-73.05159782720403, 0.91186021942357], [-73.0767195923582, 0.894429305569927], [-73.10927922103077, 0.924003669156494], [-73.14452052894352, 0.919930551967093], [-73.14694921877754, 0.943331994190093], [-73.16425363785633, 0.94037202866098], [-73.18950189741396, 0.966986425551004], [-73.17292205288577, 0.981514871442462], [-73.17857046585192, 1.000162199270053], [-73.23490330255629, 1.008697858930352], [-73.25155583885224, 1.048763000177201], [-73.27884747010756, 1.047291788175801], [-73.28201259704129, 1.066795451676305], [-73.34054040943379, 1.099177494210247], [-73.34356776703991, 1.123403286348994], [-73.39302007761937, 1.147353838735741], [-73.39298500742717, 1.171941515880657], [-73.42106535507178, 1.190911878310514], [-73.40727170576037, 1.20574666498914], [-73.42416784909575, 1.223537484887588], [-73.40874095385456, 1.241436497050674], [-73.4318702547343, 1.258920562703179], [-73.42825363818967, 1.295942495714006], [-73.45612689734683, 1.294634576694247], [-73.48296999496226, 1.370308845978107], [-73.53511581385897, 1.389910729740396], [-73.54725851218568, 1.438015101946834], [-73.66390880277702, 1.59335736683937], [-73.65693130806223, 2.293985332346278]]]}}, {"type": "Feature", "properties": {"cod_dep": "97", "nombre": "Vaupés"}, "geometry": {"type": "Polygon", "coordinates": [[[-70.11163284992269, 2.0803114343194], [-70.12176167775264, 2.032069675619838], [-70.11154589285404, 2.002802808948067], [-70.16566584832115, 1.93366541271935], [-70.17556491506092, 1.870091528227243], [-70.14907876340456, 1.867606420969476], [-70.04649701502575, 1.772200054286535], [-69.97501501221136, 1.743234932276355], [-69.9027694907481, 1.745250047778217], [-69.84574944440837, 1.713318333763717], [-69.84633162173658, 1.077658586946226], [-69.80600111485514, 1.062329984121099], [-69.7731418922457, 1.09934201421661], [-69.7035611514917, 1.116867615696213], [-69.70427419122878, 1.072607848088684], [-69.6750395850126, 1.06844917877049], [-69.61229213706551, 1.097322107674669], [-69.57004456580516, 1.059418905691776], [-69.45928581210885, 1.076113007883319], [-69.4134136245649, 1.035476675533262], [-69.37924716416542, 1.07694474016684], [-69.32184750981205, 1.087400782781207], [-69.30414036984034, 1.060904149921608], [-69.25357400807572, 1.053596743152047], [-69.21174237531713, 1.015277133041133], [-69.20484966341914, 0.992463382430622], [-69.22065536631763, 0.974342972056618], [-69.17020784302652, 0.940894223411576], [-69.19201495839816, 0.931923012316002], [-69.18803382318515, 0.89817679579131], [-69.13722978181247, 0.871322189165648], [-69.14483553280286, 0.849695772750277], [-69.16913828540747, 0.844526803794571], [-69.15030216613069, 0.769783951484423], [-69.19213379755561, 0.739244755294703], [-69.18399326788916, 0.707932948387429], [-69.15428330114294, 0.705675162661676], [-69.11904728172627, 0.64198140429308], [-69.1954613143105, 0.652438645520508], [-69.2030694686427, 0.607162397485261], [-69.29445256933826, 0.604196320273109], [-69.29068772247777, 0.650854805130927], [-69.31915224629186, 0.626784098470876], [-69.33723492080419, 0.642983354045069], [-69.35469011944036, 0.615433182040946], [-69.43466459503804, 0.698482518472651], [-69.43295330036266, 0.712913336758986], [-69.4790441531862, 0.736584343668676], [-69.53188035627758, 0.703173965576378], [-69.53595297355494, 0.679681310527061], [-69.5622760029578, 0.684553400500277], [-69.59721492305444, 0.654726632475272], [-69.58818309311445, 0.639991429711278], [-69.60701921237052, 0.634346884968514], [-69.6069003716457, 0.613551141997533], [-69.6439784097309, 0.662510128657535], [-69.6713115787108, 0.668095225872428], [-69.71593594679462, 0.641179754091418], [-69.72354169846545, 0.615690136751535], [-69.74831981002532, 0.620265205133768], [-69.80310498667825, 0.572018833348022], [-69.8228324045434, 0.591626399998466], [-69.88480739341963, 0.577366358284273], [-69.91624053772725, 0.590378647835939], [-69.93632447444996, 0.55312420650857], [-69.97779958734522, 0.578198195740975], [-69.99996322121468, 0.574514345130885], [-70.00471681545355, 0.544984049363813], [-70.04643322568229, 0.563360030817453], [-70.04252311033365, -0.123842922325341], [-70.06530803703248, -0.164438267189235], [-70.05357729393096, -0.189278888064378], [-70.00069812131323, -0.221220277211267], [-69.92062370827252, -0.32565876532864], [-69.88983348257143, -0.341767716402767], [-69.84489736175962, -0.336889820969346], [-69.83026367623366, -0.373021936683411], [-69.7736632391783, -0.39099638561552], [-69.72665698709181, -0.445390863843736], [-69.60843346654062, -0.499975699009068], [-69.61403709777893, -0.533883018311628], [-69.59128945031684, -0.560437803081722], [-69.6028312634799, -0.595439674545695], [-69.56185427412879, -0.635937908988672], [-69.62494806220748, -0.746183096582656], [-69.56411000288415, -0.806459603146418], [-69.57300918735729, -0.83803980967635], [-69.52542948489827, -0.867840178606349], [-69.52776135625496, -0.924671225579495], [-69.47078754206525, -0.957079484817056], [-69.45909963014851, -0.993447166710795], [-69.41767797247712, -0.99951003315102], [-69.44465154273117, -1.023475964128245], [-69.41852506043281, -1.043054169960723], [-69.43001309856962, -1.061261805011936], [-69.41951491616136, -1.070027739186068], [-69.45214878410609, -1.07084026192679], [-69.46988774195067, -1.08974210844433], [-69.45957184914167, -1.134249786213209], [-69.4892190908955, -1.152902396937466], [-69.46503098282277, -1.189306101587671], [-69.49039663018544, -1.216860334104797], [-69.56472594750532, -1.193264968109248], [-69.59253914495628, -1.145835755392649], [-69.63306673713494, -1.166418958589519], [-69.63850632319708, -1.214863735351017], [-69.66652913396103, -1.225066452854315], [-69.68039121477806, -1.200714930956662], [-69.68090618430462, -1.121334096329532], [-69.66154712269223, -1.116477181306792], [-69.65230464971042, -1.133694928013157], [-69.6496723638186, -1.11578558760038], [-69.70471089214945, -1.047776511432306], [-69.74952004011394, -1.027621016659363], [-69.7747498199777, -1.040959186836053], [-69.75758011420268, -1.073477266191628], [-69.7348425693444, -1.081336373137568], [-69.74536642194208, -1.097500336278933], [-69.7808848470948, -1.089423091298533], [-69.83032588024504, -1.027783424869624], [-69.87639812717306, -1.078556456904848], [-69.96088758927186, -1.093303837820509], [-69.97095026505073, -1.068706592662758], [-69.94118611666015, -1.03311426972305], [-69.95402128932675, -0.995108142256257], [-69.90180814309191, -0.974680911951502], [-69.93934574722374, -0.946711773846199], [-69.95819482642018, -0.967752770824044], [-69.99683357633366, -0.976494906953879], [-70.00104254282827, -0.945517301163804], [-70.02032579728514, -0.937555912119915], [-70.02308733485596, -0.971529164417029], [-70.03930689166756, -0.980852937802554], [-70.0731504257746, -0.948208034699212], [-70.10528081862033, -0.955799544691537], [-70.13805316491451, -1.009858955787287], [-70.12561151737674, -1.021262601422527], [-70.08742363165628, -1.012571626158666], [-70.07933379077956, -1.038374374615234], [-70.12828683403009, -1.111075938050577], [-70.169518814091, -1.112295644878781], [-70.17755044546057, -1.074900279606912], [-70.22759869604178, -1.049673616909252], [-70.19746846857396, -0.985065029418086], [-70.21991951869647, -0.985347435243935], [-70.23206285379231, -1.01457616318235], [-70.25317850174967, -1.020778426286311], [-70.30712294479797, -0.964603715845629], [-70.29588596795229, -0.936491687660808], [-70.26058557389145, -0.938044906343859], [-70.2212528893269, -0.886345634554365], [-70.29712697834019, -0.791319326715209], [-70.29023166727853, -0.752465438670394], [-70.24879939963913, -0.73939832256612], [-70.26190984914501, -0.7115495189237], [-70.2561343277449, -0.602855798789008], [-70.28223959539449, -0.558178063622816], [-70.29993715136558, -0.559286600597206], [-70.30974687023186, -0.590287804768569], [-70.32523368191502, -0.561342524209864], [-70.24451148463746, -0.469851403025679], [-70.20257212677598, -0.473843551896201], [-70.21159646675534, -0.440119671109908], [-70.24660537696825, -0.445440743695474], [-70.2883338280603, -0.412934935946487], [-70.30975953740273, -0.441497733572119], [-70.36506578233816, -0.453960753064029], [-70.35116228702297, -0.472538911088911], [-70.3212482098438, -0.469823274675608], [-70.33461479488365, -0.499275619330053], [-70.37776695384288, -0.497901044743814], [-70.39962306295449, -0.462851505135549], [-70.45735353688968, -0.495480122363405], [-70.45259458699125, -0.439688104729511], [-70.51930303893576, -0.357653871552591], [-70.53122400638219, -0.374670235171295], [-70.56065235682311, -0.365860311849791], [-70.57951492081956, -0.391992764358818], [-70.63037630061184, -0.319905945268905], [-70.67798822392308, -0.352116798352935], [-70.73669632609963, -0.286713410636483], [-70.78008366036312, -0.312314903197704], [-70.75948350271881, -0.319075172126324], [-70.76212414625208, -0.33107773577756], [-70.82618707802715, -0.365719845434262], [-70.8781797613209, -0.279955825946469], [-70.88308550639526, -0.213941635620818], [-70.91507976798941, -0.201787464824037], [-70.94473504232779, -0.159474650238287], [-70.9345484161073, -0.13174698087708], [-70.90157342675917, -0.132506426871473], [-70.89214136759348, -0.113059105223068], [-70.92496360302927, -0.091646115756877], [-70.92725456070923, -0.051756491432302], [-70.96128202676026, -0.039830031669685], [-70.96889609292928, -0.009306385697749], [-71.00171069924328, -0.003781134777061], [-71.01862336034924, -0.018335454792723], [-71.01208739120923, -0.041514559660451], [-71.03108886701001, -0.047444100961614], [-71.05305511178625, -0.027701434364428], [-71.03951150686906, -0.004522327737873], [-71.09503354975983, -0.008160906635088], [-71.10433214390139, 0.026001318728175], [-71.13397983684733, 0.004169836803858], [-71.14543462661659, 0.062926172704432], [-71.18431353379925, 0.097054709665697], [-71.22575292194783, 0.054200319888338], [-71.23491675524532, 0.066396299973838], [-71.2926623743324, 0.068350355199684], [-71.29030403538387, 0.095909230697469], [-71.32850913000097, 0.112889272665939], [-71.32096244462522, 0.136337904839932], [-71.33524724236365, 0.155002474745964], [-71.34185059177975, 0.138291955291708], [-71.36543398403934, 0.144558399242358], [-71.37311543204561, 0.172117277208476], [-71.39959621206809, 0.185863025982581], [-71.40882742542699, 0.150690081315267], [-71.44959300284245, 0.139033147761014], [-71.47034638793976, 0.152644135200222], [-71.45558992244914, 0.174071330220257], [-71.47351330001658, 0.184987073089188], [-71.49521002094644, 0.134788136688611], [-71.52970915436136, 0.119896912112106], [-71.54500466779251, 0.131014793725396], [-71.53146106309057, 0.165244405254165], [-71.58994787539048, 0.166255121443525], [-71.56077185130464, 0.216251912700597], [-71.60578243907312, 0.183302545196717], [-71.63614882979502, 0.182972109381079], [-71.61712267427453, 0.192939286688108], [-71.62411135996058, 0.215873278837298], [-71.6439065553537, 0.209584554309063], [-71.69793243134286, 0.237455044072831], [-71.72630316067946, 0.280975888028474], [-71.70086240504017, 0.299556216105256], [-71.70500724839039, 0.318422396950714], [-71.73724486457579, 0.285695174570145], [-71.7536857050208, 0.332419286078531], [-71.78907130531417, 0.335679104889421], [-71.76696120980203, 0.369600148920303], [-71.81481917064765, 0.373568626405118], [-71.80187437204793, 0.35528527859026], [-71.82346478494763, 0.339364122315859], [-71.85313388583232, 0.352356165432841], [-71.823417540992, 0.405741649308009], [-71.84689770625404, 0.413584119388648], [-71.85899211726912, 0.457001164993214], [-71.88710217323226, 0.469379037433781], [-71.88984231283132, 0.447552405428324], [-71.9193696831407, 0.451001201419394], [-71.90146428490908, 0.471977445251779], [-71.92900741598996, 0.486623021881559], [-71.91313350155978, 0.51454410175883], [-71.929290878767, 0.553425742090426], [-71.94138529016242, 0.571047678942269], [-71.95310175025811, 0.540008505175628], [-71.98976293232951, 0.563016230811656], [-71.99067712378695, 0.589001079903276], [-72.01184477541337, 0.59771482207354], [-71.98147424075704, 0.632014411348525], [-71.99496045693417, 0.633076318164305], [-71.99931427538633, 0.658774460595589], [-72.0331922226, 0.664277518789145], [-71.77409654027859, 0.906057894984914], [-71.76570553700243, 0.961615474416819], [-71.74028548221898, 0.984824231022496], [-71.71023241593106, 0.990475244280125], [-71.68838074074209, 0.970327881251561], [-71.6655645593247, 0.972923940032311], [-71.61579580892374, 1.037083460948975], [-71.58514693507429, 1.044694143917884], [-71.57268434672422, 1.091154485697382], [-71.58254200140811, 1.126873750700166], [-71.53998971368291, 1.11455989159262], [-71.55622767195793, 1.15549510360735], [-71.53162765260431, 1.160259531805558], [-71.5355169840771, 1.12408875495058], [-71.50265213593711, 1.103280830981243], [-71.4850529131516, 1.108823127798535], [-71.53468175663068, 1.206022098329272], [-71.55301769223009, 1.207418852436957], [-71.53890810499242, 1.230193895897217], [-71.55251971138516, 1.276904708890228], [-71.52640219136933, 1.278027441004323], [-71.53061378110564, 1.295835634911582], [-71.47863999782612, 1.404840003258541], [-71.47941999735706, 1.446160000862127], [-71.45532000259699, 1.464770003593994], [-71.4399400006201, 1.507999998181834], [-71.43948000105972, 1.545000006235536], [-71.39017999992822, 1.59820000744228], [-71.39817629132163, 1.733711394751156], [-71.36781972038787, 1.738939205243307], [-71.33044368690604, 1.705118778291543], [-71.31388438541512, 1.713908394058052], [-71.25861265631049, 1.66797562091624], [-71.12582539594447, 1.783058835921865], [-71.0925850710338, 1.78108023389118], [-71.0933719587136, 1.802059443735136], [-71.00011729328, 1.815190883943875], [-70.90261152874831, 1.888278785813327], [-70.89467379228064, 1.927529789081611], [-70.87963715233681, 1.933160021018558], [-70.8661313917285, 1.90875099609842], [-70.84697838596833, 1.920555778203135], [-70.80103498771554, 1.905570168104794], [-70.77045141365274, 1.927631845088349], [-70.76106201913615, 1.909992709161195], [-70.73314898127141, 1.923906704031546], [-70.69107830924614, 1.897665856353223], [-70.66259243934205, 1.91390495693241], [-70.63614224116965, 1.903290857776848], [-70.62091849283397, 1.929979193377127], [-70.5791424891743, 1.928550372979092], [-70.53089449678473, 1.95711312207208], [-70.51398359072765, 1.956964997252862], [-70.511119846922, 1.940399715568199], [-70.48662989331311, 1.945756892682374], [-70.4852967695772, 1.963087485662969], [-70.46443587236352, 1.962988736268346], [-70.46564555662518, 1.982886822642034], [-70.43471217780356, 1.999748354847455], [-70.38652226809472, 1.985207446169181], [-70.36810542713276, 2.003550222156992], [-70.35112045901849, 1.983034948672569], [-70.31764427161444, 2.01283270465235], [-70.26069031584437, 2.014116451547982], [-70.25054377282831, 2.029397986293666], [-70.18102390289232, 2.024756745025909], [-70.151490623937, 2.07162796491056], [-70.13946549193743, 2.062250275567147], [-70.11163284992269, 2.0803114343194]]]}}, {"type": "Feature", "properties": {"cod_dep": "99", "nombre": "Vichada"}, "geometry": {"type": "Polygon", "coordinates": [[[-67.76168858930417, 6.28524351505674], [-67.625855768852, 6.289338270573979], [-67.59552010280113, 6.260879610610548], [-67.55611277586439, 6.261155973920996], [-67.49777534060577, 6.230479829958049], [-67.46408321410635, 6.193304287238227], [-67.50021439489656, 6.164886394298952], [-67.49199393760074, 6.08375922719359], [-67.43392402643839, 6.037982735106721], [-67.42365626298134, 6.008824437065143], [-67.54498701005457, 5.913850631867708], [-67.56854582434934, 5.865109219804864], [-67.62998272102432, 5.800012726452941], [-67.61970258260716, 5.754591526826154], [-67.65178934616112, 5.700789348412926], [-67.62311699779944, 5.589947703810592], [-67.63428794520767, 5.571969670874171], [-67.60511275873957, 5.54234019933672], [-67.63179230829904, 5.519510888078999], [-67.62757349357454, 5.485265275445395], [-67.67629783621423, 5.438950726185965], [-67.80185215282737, 5.369501808948245], [-67.87022369732728, 5.266608442837415], [-67.84354414802164, 5.24489301198428], [-67.83213552045622, 5.197613481178766], [-67.85614117312224, 5.125060027959393], [-67.82577758811722, 5.083512652127456], [-67.83944417281337, 5.066940299602992], [-67.81246752322716, 5.046816158921906], [-67.84722818407725, 4.942338214418504], [-67.83076886260955, 4.768270552629582], [-67.85441799624527, 4.64367250103353], [-67.84627746424866, 4.557554296284779], [-67.86361824211161, 4.52535077629944], [-67.807430754281, 4.481108222234394], [-67.79995810352209, 4.436009907726662], [-67.77885214393527, 4.418720540693045], [-67.78969033893777, 4.392671983107197], [-67.76781073221956, 4.345034410676618], [-67.80744382675377, 4.325363434791496], [-67.79567868037522, 4.26966574396159], [-67.80625542754468, 4.235652608627435], [-67.78510193205909, 4.170051635259688], [-67.73590222838429, 4.119143398552609], [-67.71202308238978, 4.041949328825134], [-67.81317476125032, 3.984543513591745], [-67.87601811822437, 3.91914554874571], [-67.91357085524632, 3.909438039213437], [-67.93742808928937, 3.963099321744441], [-68.02477460618859, 3.975920582833826], [-68.03453251630536, 4.011355486576916], [-68.07897885705941, 3.935151575711476], [-68.07835999215398, 3.980535159721289], [-68.09829618304452, 3.974566239716179], [-68.11286034668558, 3.943408480736002], [-68.13279653818186, 3.946512321234808], [-68.11954553626441, 3.982087079149188], [-68.13052834774237, 4.000948864959452], [-68.17374332600204, 3.986026568421958], [-68.20502046434072, 3.997486890781186], [-68.20657238328444, 3.956778859951437], [-68.23665573785814, 3.975163134902198], [-68.31389355652072, 3.977789458686266], [-68.3445738037625, 3.993189270873272], [-68.34672261486796, 3.924069181312092], [-68.38181986152432, 3.9123700989765], [-68.4203790819702, 3.926695505135267], [-68.43661454254142, 3.91499642334265], [-68.39304143098211, 3.872855851145117], [-68.39471272720249, 3.850770849586308], [-68.44676170629278, 3.884435555065214], [-68.4444934634263, 3.838353734208747], [-68.4762399254904, 3.85197001093072], [-68.51296770770196, 3.825507656826511], [-68.5098913723482, 3.77910530697579], [-68.56930075361807, 3.817967350325538], [-68.5506154714176, 3.763983587122677], [-68.57602310684875, 3.79024393921781], [-68.63467832420908, 3.77364667523115], [-68.67204044365921, 3.812001350003614], [-68.68049726402892, 3.797003941842145], [-68.64643375014705, 3.775066228904961], [-68.65083867525256, 3.761710112425498], [-68.75430131154812, 3.78311751628591], [-68.79481120736769, 3.722252638354572], [-68.85211682365151, 3.738699607109761], [-68.83499382884094, 3.670101438832422], [-68.86422038260342, 3.706332604975395], [-68.92583977946224, 3.686925195563432], [-68.9376218220392, 3.742359307941091], [-68.94231777397567, 3.682459364658015], [-68.99581932195798, 3.691854142673843], [-69.05594244049983, 3.638655850600549], [-69.07876709611975, 3.655900475150251], [-69.1004392754308, 3.638070239335358], [-69.12111133389124, 3.676044874977189], [-69.15252572434912, 3.642616873248985], [-69.18669243654679, 3.633916194408328], [-69.16809166910431, 3.671903207632997], [-69.20008145678464, 3.669490349772585], [-69.2080449332901, 3.701982386891559], [-69.23496250999315, 3.674011446131842], [-69.2470390384453, 3.714758265127472], [-69.27967753644795, 3.726294525701386], [-69.28709474593778, 3.713252344736498], [-69.26799898899509, 3.681267783920923], [-69.2919825873874, 3.644787372298542], [-69.30565814445734, 3.652168163263291], [-69.2895833941345, 3.698052808089309], [-69.30350552008309, 3.717256468770027], [-69.36635858268235, 3.665496066058357], [-69.38787460019316, 3.685147701189667], [-69.4077092031343, 3.660004849589341], [-69.45474843221422, 3.708988304312583], [-69.47844957405201, 3.695438431804139], [-69.49287934689927, 3.650765077964471], [-69.50430395907104, 3.678738497222982], [-69.5886667676443, 3.68346599999105], [-69.59549499690492, 3.673031841841834], [-69.57055072176652, 3.669410364353558], [-69.5926018828318, 3.56773630335182], [-69.60888359643675, 3.595461580333476], [-69.62904042625895, 3.568634851921138], [-69.6631439053181, 3.585375439946104], [-69.70063724068525, 3.539909484852015], [-69.70981796021775, 3.576732891843356], [-69.73991894171276, 3.590930866410988], [-69.74235106765427, 3.576010315705482], [-69.71373121915958, 3.549375284348843], [-69.73402196436211, 3.542924115026313], [-69.77734261268587, 3.56457357507857], [-69.80192257594602, 3.507862186869779], [-69.8153981498871, 3.51593292093645], [-69.81710848830369, 3.55207273744891], [-69.84389147142531, 3.548966607804127], [-69.81720918891087, 3.477048248890835], [-69.85158940392039, 3.491823882024901], [-69.87244670416118, 3.535845381284501], [-69.89355580132178, 3.536854673855085], [-69.89553528361849, 3.517216694627668], [-69.8616759403943, 3.478811183314342], [-69.87173452000381, 3.439353680680908], [-69.90253327697306, 3.424400898421512], [-69.91496909600436, 3.446998144709695], [-69.96027962406228, 3.456920550344705], [-69.94354559226048, 3.39475198741977], [-70.00192756921125, 3.372716341114182], [-70.0258095862521, 3.417619677771663], [-70.07601854676926, 3.387365488067034], [-70.11026204687656, 3.38499347888801], [-70.12661195798512, 3.400805558223455], [-70.13338032930565, 3.3651414470646], [-70.17294926663433, 3.349001486861285], [-70.10877423106986, 3.293709148890436], [-70.11565408607706, 3.279674376451144], [-70.13618071634404, 3.2937808346957], [-70.1578505933809, 3.281578098799464], [-70.15680930503449, 3.257888798900126], [-70.13181839679778, 3.244091733782003], [-70.12798123567677, 3.202260878398207], [-70.14810646227657, 3.190770143107599], [-70.15717934839275, 3.229403063132763], [-70.17435609740868, 3.235807599835304], [-70.16464188637194, 3.181120792126989], [-70.19225145408018, 3.173548110757699], [-70.21785881972102, 3.205977459800871], [-70.20652729168647, 3.173090092549264], [-70.24439886339778, 3.179185415074599], [-70.28793862068311, 3.124024221698859], [-70.2799216422029, 3.094469091435196], [-70.31994670779824, 3.086332455274388], [-70.31522028039375, 3.070836954731577], [-70.27274225824094, 3.066110524082756], [-70.25533225308958, 3.039666463192145], [-70.30331446760533, 3.033623814279148], [-70.27836610911821, 2.936522647223242], [-70.35404878060535, 2.914027244957718], [-70.35871538122989, 2.85186574358835], [-70.4938672822179, 2.81333638560551], [-70.50469618581461, 2.787849569668768], [-70.58733211418358, 2.840513454812527], [-70.62032869040257, 2.792554629611988], [-70.63541130717046, 2.848765564830922], [-70.66005458980207, 2.857413247553594], [-70.64041314157701, 2.802639907640425], [-70.68172037410395, 2.777782822993875], [-70.70916531508453, 2.737109026321003], [-70.72477872664936, 2.795155011895172], [-70.7544206787644, 2.770217958254142], [-70.81134342203437, 2.760012718220839], [-70.7963927993271, 2.794446337637951], [-70.82156835231412, 2.813074588180421], [-70.87143375292335, 2.777813008367149], [-70.85417469463403, 2.823164501186261], [-70.87531040212815, 2.847114760604572], [-70.87146030503196, 2.796293472926201], [-70.88367440669195, 2.792576138801102], [-70.91134200380299, 2.849876208699393], [-70.93805371544364, 2.857310879762729], [-70.92514925003826, 2.815411199229412], [-70.9457008053572, 2.785460095646743], [-70.96200397665866, 2.800488754683919], [-70.94793120669823, 2.817960229032713], [-70.95456930620351, 2.842142824344259], [-70.98756065762464, 2.828933007179367], [-71.01059486176246, 2.856813025231118], [-71.0291151591301, 2.846324826098658], [-71.06376603586813, 2.857543217136421], [-71.07752569626383, 2.882232412355228], [-71.07793104513578, 4.899101333818456], [-71.05650919174477, 4.906405543294238], [-71.0018935682656, 4.980725215287265], [-70.98678788594563, 5.043670653171937], [-70.96774585888498, 5.058279098826029], [-70.9744585972906, 5.080088493328222], [-70.9437901312281, 5.124293326331868], [-70.86085104398924, 5.1450322272176], [-70.6937821368414, 5.283534201210755], [-70.67410880405886, 5.315471392284959], [-70.67439002865964, 5.367530998317433], [-70.36081441207176, 5.586876195425102], [-70.26382741384525, 5.563574957948449], [-70.19466896316322, 5.60315670140324], [-70.14015863823049, 5.609920908974637], [-70.05675565277693, 5.703642751968653], [-70.04377798477726, 5.746221488851867], [-69.9788154123795, 5.80733830196517], [-69.96768745230938, 5.859419413993515], [-69.93252810210159, 5.876453496673865], [-69.88279431016834, 5.969788246166695], [-69.85457762191503, 5.984132879718723], [-69.84174657535536, 6.03426447372184], [-69.80418081123395, 6.055369718942972], [-69.68257957812231, 6.038423383081817], [-69.54154856868539, 6.043653389288914], [-69.45249231287347, 6.083334804197294], [-69.42884874140029, 6.109079082208101], [-69.41934730579099, 6.097108036021986], [-69.37944155340954, 6.101502355112899], [-69.35795026176353, 6.127781122305103], [-69.33201215362297, 6.116383305984358], [-69.29307203626817, 6.058157180731453], [-69.25254505639789, 6.055092435538655], [-69.22284938289648, 6.074090051535411], [-69.19996848626921, 6.126228801341558], [-69.14590656096445, 6.141115661809971], [-69.13616514556756, 6.171683029069991], [-69.07990635402032, 6.208509442553256], [-69.0307073362138, 6.185259422037023], [-68.96190760004517, 6.187886347329625], [-68.93009682355189, 6.149174766743942], [-68.85577412176174, 6.147297501160106], [-68.82957625644099, 6.164929307552766], [-68.79624357623891, 6.141634066456502], [-68.71506826411206, 6.151425548792716], [-68.66902949952942, 6.109501336589579], [-68.61715075855602, 6.126559259584165], [-68.58604698629131, 6.16378953272594], [-68.5439019732779, 6.143345204435493], [-68.4614115128409, 6.186986105583619], [-68.31318215512502, 6.148891243406715], [-68.2561996955498, 6.165478738990257], [-68.19786364002546, 6.206477645635443], [-68.09504697129981, 6.223848394309691], [-68.03648538187943, 6.189719924118471], [-67.95859791021644, 6.20557841700692], [-67.94190837066031, 6.227450422754313], [-67.90597850937252, 6.232466326512947], [-67.88148612220463, 6.280675396322106], [-67.80849258726501, 6.321684960270139], [-67.76168858930417, 6.28524351505674]]]}}]}